nome;link
Café Brasil 869 – Coincidentia Oppositorum;https://portalcafebrasil.com.br/cafe-brasil-869-coincidentia-oppositorum/
Café Brasil 868 – Siência, siência, siência;https://portalcafebrasil.com.br/cafe-brasil-868-siencia-siencia-siencia/
Café Brasil 867 – Pós-ideia – Revisitado;https://portalcafebrasil.com.br/cafe-brasil-867-pos-ideia-revisitado/
Café Brasil 866 – O manicômio tributário;https://portalcafebrasil.com.br/cafe-brasil-866-o-manicomio-tributario/
Café Brasil 865 – Uma pitada de estoicismo;https://portalcafebrasil.com.br/cafe-brasil-865-uma-pitada-de-estoicismo/
Café Brasil 864 – A distopia que nos aguarda;https://portalcafebrasil.com.br/cafe-brasil-864-a-distopia-que-nos-aguarda/
Café Brasil 863 – Gaslighting;https://portalcafebrasil.com.br/cafe-brasil-863-gaslighting/
Café Brasil 862 – Conversa paralela;https://portalcafebrasil.com.br/cafe-brasil-862-conversa-paralela/
Café Brasil 861 – Vá com tudo;https://portalcafebrasil.com.br/cafe-brasil-861-va-com-tudo/
Café Brasil 860 – Liberdade, igualdade, fraternidade;https://portalcafebrasil.com.br/cafe-brasil-860-liberdade-igualdade-fraternidade/
Café Brasil 859 – OesteCast;https://portalcafebrasil.com.br/cafe-brasil-859-oestecast/
Café Brasil 858 – Um velho safado;https://portalcafebrasil.com.br/cafe-brasil-858-um-velho-safado/
Café Brasil 857 – Independência ou morte;https://portalcafebrasil.com.br/cafe-brasil-857-independencia-ou-morte/
Café Brasil 856 – Tá na hora do Café Com leite;https://portalcafebrasil.com.br/cafe-brasil-856-ta-na-hora-do-cafe-com-leite/
Café Brasil 855 – Alguém me avisou;https://portalcafebrasil.com.br/cafe-brasil-855-alguem-me-avisou/
Café Brasil 854 – O Otimismo Trágico;https://portalcafebrasil.com.br/cafe-brasil-854-o-otimismo-tragico/
Café Brasil 853 – É Natal Revisitado;https://portalcafebrasil.com.br/cafe-brasil-853-e-natal-revisitado/
Café Brasil 852 – Os donos das vendas;https://portalcafebrasil.com.br/cafe-brasil-852-os-donos-das-vendas/
Café Brasil 851 – O abandono silencioso;https://portalcafebrasil.com.br/cafe-brasil-851-o-abandono-silencioso/
Café Brasil 850 – Vida caótica;https://portalcafebrasil.com.br/cafe-brasil-850-vida-caotica/
Café Brasil 849 – A cegueira da escolha;https://portalcafebrasil.com.br/cafe-brasil-849-a-cegueira-da-escolha/
Café Brasil 848 – Meu nome é Gal.;https://portalcafebrasil.com.br/cafe-brasil-848-meu-nome-e-gal/
Café Brasil 847 – Dissonância Cognitiva – Revisitado;https://portalcafebrasil.com.br/cafe-brasil-847-dissonancia-cognitiva-revisitado/
Café Brasil 846 – Sina;https://portalcafebrasil.com.br/cafe-brasil-846-sina/
Café Brasil 845 – Merdades e Ventiras live;https://portalcafebrasil.com.br/cafe-brasil-845-merdades-e-ventiras-live/
Café Brasil 844 – Narrativas moldam o mundo;https://portalcafebrasil.com.br/cafe-brasil-844-narrativas-moldam-o-mundo/
Café Brasil 843 – O nosso hino;https://portalcafebrasil.com.br/cafe-brasil-843-o-nosso-hino/
Café Brasil 842 – Nós contra eles;https://portalcafebrasil.com.br/cafe-brasil-842-nos-contra-eles/
Café Brasil 841 – Os arquitetos do mau;https://portalcafebrasil.com.br/cafe-brasil-841-os-arquitetos-do-mau/
Café Brasil 840 – O poder de contar histórias;https://portalcafebrasil.com.br/cafe-brasil-840-o-poder-de-contar-historias/
Café Brasil 839 – Como é duro trabalhar;https://portalcafebrasil.com.br/cafe-brasil-839-como-e-duro-trabalhar/
Café Brasil 838 – Merdades e Ventiras;https://portalcafebrasil.com.br/cafe-brasil-838-merdades-e-ventiras/
Café Brasil 837 – Calaboca, Chico;https://portalcafebrasil.com.br/cafe-brasil-837-calaboca-chico/
Café Brasil 836 – Escola Sem Partido;https://portalcafebrasil.com.br/cafe-brasil-836-escola-sem-partido/
Café Brasil 835 – O cilindro de Ciro;https://portalcafebrasil.com.br/cafe-brasil-835-o-cilindro-de-ciro/
Café Brasil 834 – A Lei de Gresham;https://portalcafebrasil.com.br/cafe-brasil-834-a-lei-de-gresham/
Café Brasil 833 – Rio, beleza e caos;https://portalcafebrasil.com.br/cafe-brasil-833-rio-beleza-e-caos/
Café Brasil 832 – Carta Aberta Ao Brasil – Revisitado;https://portalcafebrasil.com.br/cafe-brasil-832-carta-aberta-ao-brasil-revisitado/
Café Brasil 831 – Nossos problemas;https://portalcafebrasil.com.br/cafe-brasil-831-nossos-problemas/
Café Brasil 830 – Adultecer;https://portalcafebrasil.com.br/cafe-brasil-830-adultecer/
Café Brasil 829 – Treine a mente!;https://portalcafebrasil.com.br/cafe-brasil-829-treine-a-mente/
Café Brasil 828 – O catalisador;https://portalcafebrasil.com.br/cafe-brasil-828-o-catalisador/
Café Brasil 827 – A complicada arte de ver – Revisitado;https://portalcafebrasil.com.br/cafe-brasil-827-a-complicada-arte-de-ver-revisitado/
Café Brasil 826 – Os fatos? Ora, os fatos…;https://portalcafebrasil.com.br/cafe-brasil-826-os-fatos-ora-os-fatos/
Café Brasil 825 – Precisamos falar sobre o medo;https://portalcafebrasil.com.br/cafe-brasil-825-precisamos-falar-sobre-o-medo/
Café Brasil 824 – Choque de gerações;https://portalcafebrasil.com.br/cafe-brasil-824-choque-de-geracoes/
Café Brasil 823 – Dinheiro: rico sem, pobre com;https://portalcafebrasil.com.br/cafe-brasil-823-dinheiro-rico-sem-pobre-com/
Café Brasil 822 – Café ao Quadrado;https://portalcafebrasil.com.br/cafe-brasil-822-cafe-ao-quadrado/
Café Brasil 821 – O amor que nunca morre;https://portalcafebrasil.com.br/cafe-brasil-821-o-amor-que-nunca-morre/
Café Brasil 820 – My Generations;https://portalcafebrasil.com.br/cafe-brasil-820-my-generations/
Café Brasil 819 – Num sei por que tô tão feliz;https://portalcafebrasil.com.br/cafe-brasil-819-num-sei-por-que-to-tao-feliz/
Café Brasil 818 – A cultura do cancelamento;https://portalcafebrasil.com.br/cafe-brasil-818-a-cultura-do-cancelamento/
Café Brasil 817 – Exibicionismo Moral;https://portalcafebrasil.com.br/cafe-brasil-817-exibicionismo-moral/
Café Brasil 816 – Leve a sério e educação dos filhos;https://portalcafebrasil.com.br/cafe-brasil-816-leve-a-serio-e-educacao-dos-filhos/
Café Brasil 815 – Redes sociais: bem ou mal?;https://portalcafebrasil.com.br/cafe-brasil-815-redes-sociais-bem-ou-mal/
Café Brasil 814 – O Navio de Teseu;https://portalcafebrasil.com.br/cafe-brasil-814-o-navio-de-teseu/
Café Brasil 813 – No creo en brujas;https://portalcafebrasil.com.br/cafe-brasil-813-no-creo-en-brujas/
Café Brasil 812 – Agroecologia e Manipulação;https://portalcafebrasil.com.br/cafe-brasil-812-agroecologia-e-manipulacao/
Café Brasil 811 – O quinto elemento;https://portalcafebrasil.com.br/cafe-brasil-811-o-quinto-elemento/
Café Brasil 810 – Simpatia pelo Diabo – Revisitado;https://portalcafebrasil.com.br/cafe-brasil-810-simpatia-pelo-diabo-revisitado/
Café Brasil 809 – Ser Woke;https://portalcafebrasil.com.br/cafe-brasil-809-ser-woke/
Café Brasil 808 – Sobre caráter – revisitado;https://portalcafebrasil.com.br/cafe-brasil-808-sobre-carater-revisitado/
Café Brasil 807 – O demolidor;https://portalcafebrasil.com.br/cafe-brasil-807-o-demolidor/
Café Brasil 806 – Não recuse imitações – Revisitado;https://portalcafebrasil.com.br/cafe-brasil-806-nao-recuse-imitacoes-revisitado/
Café Brasil 805 – O Estupro da Mente;https://portalcafebrasil.com.br/cafe-brasil-805-o-estupro-da-mente/
Café Brasil 804 – Psicose de formação em massa;https://portalcafebrasil.com.br/cafe-brasil-804-psicose-de-formacao-em-massa/
Café Brasil 803 – Enquanto houver sol;https://portalcafebrasil.com.br/cafe-brasil-803-enquanto-houver-sol/
Café Brasil 802 – A Lei de Lindy;https://portalcafebrasil.com.br/cafe-brasil-802-a-lei-de-lindy/
Café Brasil 801 – Especial de Natal;https://portalcafebrasil.com.br/cafe-brasil-801-mensagem-de-natal/
Café Brasil 800 – The devil in my fingers;https://portalcafebrasil.com.br/cafe-brasil-800-the-devil-in-my-fingers/
Café Brasil 799 – Essa tal meritocracia;https://portalcafebrasil.com.br/cafe-brasil-799-essa-tal-meritocracia/
Café Brasil 798 – Raciocínios Perigosos – Revisitado;https://portalcafebrasil.com.br/cafe-brasil-798-raciocinios-perigosos-revisitado/
Café Brasil 797 – ‘Bora pra Retomada – com Lucia Helena Galvão;https://portalcafebrasil.com.br/cafe-brasil-797-bora-pra-retomada-com-lucia-helena-galvao/
Café Brasil 796 – Maiorias Irrelevantes;https://portalcafebrasil.com.br/cafe-brasil-796-maiorias-irrelevantes/
Café Brasil 795 – A Black Friday;https://portalcafebrasil.com.br/cafe-brasil-795-a-black-friday/
Café Brasil 794 – O Paradoxo da Tolerância;https://portalcafebrasil.com.br/cafe-brasil-794-o-paradoxo-da-tolerancia/
Café Brasil 793 – LíderCast Antônio Chaker;https://portalcafebrasil.com.br/cafe-brasil-793-lidercast-antonio-chaker/
Café Brasil 792 – Solte o belo!;https://portalcafebrasil.com.br/cafe-brasil-792-solte-o-belo/
Café Brasil 791 – Tempo Perdido;https://portalcafebrasil.com.br/cafe-brasil-791-tempo-perdido/
Café Brasil 790 – Don´t be evil;https://portalcafebrasil.com.br/cafe-brasil-790-dont-be-evil/
Café Brasil 789 – LíderCast Osvaldo Pimentel – Monetizze;https://portalcafebrasil.com.br/cafe-brasil-789-lidercast-osvaldo-pimentel-monetizze/
Café Brasil 788 – Love, Janis;https://portalcafebrasil.com.br/cafe-brasil-788-love-janis/
Café Brasil 787 – Reações ao Cuzão;https://portalcafebrasil.com.br/cafe-brasil-787-reacoes-ao-cuzao/
Café Brasil 786 – O cuzão.;https://portalcafebrasil.com.br/cafe-brasil-786-o-cuzao/
Café Brasil 785 – LíderCast Leandro Bueno;https://portalcafebrasil.com.br/cafe-brasil-785-lidercast-leandro-bueno/
Café Brasil 784 – Avatar;https://portalcafebrasil.com.br/cafe-brasil-784-avatar/
Café Brasil 783 – Integridade intelectual;https://portalcafebrasil.com.br/cafe-brasil-784-integridade-intelectual/
Café Brasil 782  – Bora Pra Retomada;https://portalcafebrasil.com.br/cafe-brasil-783-bora-pra-retomada/
Café Brasil 781 – Stalinismo tecnológico;https://portalcafebrasil.com.br/cafe-brasil-781-stalinismo-tecnologico/
Café Brasil 780 – LíderCast Barone & Priester;https://portalcafebrasil.com.br/cafe-brasil-780-lidercast-priester-barone/
Café Brasil 779 – Grávida? Você está demitida!;https://portalcafebrasil.com.br/cafe-brasil-779-gravida-voce-esta-demitida/
Café Brasil 778 – Cringe: a maldição dos Millennials;https://portalcafebrasil.com.br/cafe-brasil-778-cringe-a-maldicao-dos-millennials/
Café Brasil 777 – Polarização Política;https://portalcafebrasil.com.br/cafe-brasil-777-polarizacao-politica/
Café Brasil 776 – No mundo dos podcasts;https://portalcafebrasil.com.br/cafe-brasil-776-no-mundo-dos-podcasts/
Café Brasil 775 – LíderCast Henrique Viana – Brasil Paralelo;https://portalcafebrasil.com.br/cafe-brasil-775-lidercast-henrique-viana-brasil-paralelo/
Café Brasil 774 – Adversário x Inimigo;https://portalcafebrasil.com.br/cafe-brasil-774-adversario-x-inimigo/
Café Brasil 773 – Falando sobre nação – Revisitado;https://portalcafebrasil.com.br/cafe-brasil-773-falando-sobre-nacao-revisitado/
Café Brasil 772 – ComunicaAgro – Live com Tejon;https://portalcafebrasil.com.br/cafe-brasil-772-comunicaagro-live-com-tejon/
Café Brasil 771 – LíderCast Aurelio Alfieri;https://portalcafebrasil.com.br/cafe-brasil-771-lidercast-aurelio-alfieri/
Café Brasil 770 – O Kit Para Detecção de Bobagens;https://portalcafebrasil.com.br/cafe-brasil-770-o-kit-para-deteccao-de-bobagens/
Café Brasil 769 – Paulo Gustavo e as 48 horas;https://portalcafebrasil.com.br/cafe-brasil-769-paulo-gustavo-e-as-48-horas/
Café Brasil 768 – A Expedição Franklin;https://portalcafebrasil.com.br/cafe-brasil-768-a-expedicao-franklin/
Café Brasil 767 – Sexo bom – Revisitado;https://portalcafebrasil.com.br/cafe-brasil-767-sexo-bom-revisitado/
Café Brasil 766 – LíderCast Ilona Becskeházy;https://portalcafebrasil.com.br/cafe-brasil-766-lidercast-ilona-becskehazy/
Café Brasil 765 – Foxes and Fossils;https://portalcafebrasil.com.br/cafe-brasil-765-foxes-and-fossils/
Café Brasil 764 – LíderCast Live – Gastronomia Viva;https://portalcafebrasil.com.br/cafe-brasil-764-lidercast-live-gastronomia-viva/
Café Brasil 763 – A Agro é pop?;https://portalcafebrasil.com.br/cafe-brasil-762-a-agro-e-pop/
Café Brasil 762 – LíderCast Alessandro Santana;https://portalcafebrasil.com.br/cafe-brasil-762-lidercast-com-o-negao/
Café Brasil 761 – O viés nosso de cada dia;https://portalcafebrasil.com.br/cafe-brasil-761-o-vies-nosso-de-cada-dia/
Café Brasil 760 – Carl Sagan e o dragão na garagem;https://portalcafebrasil.com.br/cafe-brasil-760-carl-sagan-e-o-dragao-na-garagem/
Café Brasil 759 – Karl Popper e os negacionistas;https://portalcafebrasil.com.br/cafe-brasil-759-karl-popper-e-os-negacionistas/
Café Brasil 758 – LíderCast César Menotti;https://portalcafebrasil.com.br/cafe-brasil-758-lidercast-cesar-menotti/
Café Brasil 757 – O dono da firma;https://portalcafebrasil.com.br/cafe-brasil-757-o-dono-da-firma/
Café Brasil 756 – Netiqueta e as mulas digitais;https://portalcafebrasil.com.br/cafe-brasil-756-netiqueta-e-as-mulas-digitais/
Café Brasil 755 – Alfabestismo digital;https://portalcafebrasil.com.br/cafe-brasil-755-alfabestismo-digital/
Café Brasil 754 – LíderCast Amyr Klink;https://portalcafebrasil.com.br/cafe-brasil-754-lidercast-amyr-klink/
Café Brasil 753 – A sala dos professores;https://portalcafebrasil.com.br/cafe-brasil-753-a-sala-dos-professores/
Café Brasil 752 – Jam Session;https://portalcafebrasil.com.br/cafe-brasil-752-jam-session/
Café Brasil 751 – A hipocrisia nossa de cada dia;https://portalcafebrasil.com.br/cafe-brasil-751-a-hipocrisia-nossa-de-cada-dia/
Café Brasil 750 – The Rocket Man;https://portalcafebrasil.com.br/cafe-brasil-750-the-rocket-man/
Café Brasil 749 – Mais atrai mais.;https://portalcafebrasil.com.br/cafe-brasil-749-mais-atrai-mais/
Café Brasil 748 – Paciência;https://portalcafebrasil.com.br/cafe-brasil-748-paciencia/
Café Brasil 747 – O vírus – Com Alessandro Loiola;https://portalcafebrasil.com.br/cafe-brasil-747-o-virus-com-alessandro-loiola/
Café Brasil 746 – O viés;https://portalcafebrasil.com.br/cafe-brasil-746-o-vies/
Café Brasil – A chamada;https://portalcafebrasil.com.br/cafe-brasil-chamada/
Café Brasil 745 – Superhomem;https://portalcafebrasil.com.br/cafe-brasil-745-superhomem/
Café Brasil 744 – Sinalização de virtude;https://portalcafebrasil.com.br/cafe-brasil-744-sinalizacao-de-virtude/
Café Brasil 743 – A inveja;https://portalcafebrasil.com.br/cafe-brasil-743-a-inveja/
Café Brasil 742 – Além Mar;https://portalcafebrasil.com.br/cafe-brasil-742-alem-mar/
Café Brasil 741 – A cascata de disponibilidade;https://portalcafebrasil.com.br/cafe-brasil-741-a-cascata-de-disponibilidade/
Café Brasil 740 – O tempo passou na janela;https://portalcafebrasil.com.br/cafe-brasil-740-o-tempo-passou-na-janela/
Café Brasil 739 – O deleite – Revisitado;https://portalcafebrasil.com.br/cafe-brasil-739-o-deleite-revisitado/
Café Brasil 738 – O encantador de Millennials;https://portalcafebrasil.com.br/cafe-brasil-738-o-encantador-de-millennials/
Café Brasil 737 – A Lei de Murphy;https://portalcafebrasil.com.br/cafe-brasil-737-a-lei-de-murphy/
Café Brasil 736 – Coisas Sobre Você;https://portalcafebrasil.com.br/cafe-brasil-716-coisas-sobre-voce/
Café Brasil 735 – Morrer de quê?;https://portalcafebrasil.com.br/cafe-brasil-735-morrer-de-que/
Café Brasil 734 – Globalização e Globalismo;https://portalcafebrasil.com.br/cafe-brasil-734-globalizacao-e-globalismo/
Café Brasil 733 – Agro Resenha;https://portalcafebrasil.com.br/cafe-brasil-733-agro-resenha/
Café Brasil 732 – Os quatro Princípios da Objetividade;https://portalcafebrasil.com.br/cafe-brasil-732-os-quatro-principios-da-objetividade/
Café Brasil 731 – O Princípio de Pareto;https://portalcafebrasil.com.br/cafe-brasil-731-o-principio-de-pareto/
Café Brasil 730 – Um massacre cultural revisitado;https://portalcafebrasil.com.br/cafe-brasil-730-um-massacre-cultural-revisitado/
Café Brasil 729 – Cala Boca Zebedeu;https://portalcafebrasil.com.br/cafe-brasil-729-cala-boca-zebedeu/
Café Brasil 728 – Saindo do armário Político;https://portalcafebrasil.com.br/cafe-brasil-728-saindo-do-armario-politico/
Café Brasil 727 – A nova Inquisição;https://portalcafebrasil.com.br/cafe-brasil-727-a-nova-inquisicao/
Comunicado Café Brasil e Omnystudio;https://portalcafebrasil.com.br/comunicado-cafe-brasil-e-omnystudio/
Café Brasil 726 – Gently Weeps;https://portalcafebrasil.com.br/cafe-brasil-726-gently-weeps/
Café Brasil 725 – A revolução da mídia;https://portalcafebrasil.com.br/cafe-brasil-725-a-revolucao-da-midia/
Café Brasil 724 – A Pátria dos bobos felizes;https://portalcafebrasil.com.br/cafe-brasil-724-a-patria-dos-bobos-felizes/
Café Brasil 723 – O Paradoxo do Dadinho;https://portalcafebrasil.com.br/cafe-brasil-723-o-paradoxo-do-dadinho/
Café Brasil 722 – O Poder do Mau;https://portalcafebrasil.com.br/cafe-brasil-722-o-poder-do-mau/
Café Brasil 721 – Lake Street Dive;https://portalcafebrasil.com.br/cafe-brasil-721-lake-street-dive/
Café Brasil 720 – Conversa com Ganime;https://portalcafebrasil.com.br/cafe-brasil-720-conversa-com-ganime/
Café Brasil 719 – Licença poética;https://portalcafebrasil.com.br/cafe-brasil-711-licenca-poetica/
Café Brasil Especial – Heróis da Saúde 12 – The Dark Side Of The Moon;https://portalcafebrasil.com.br/cafe-brasil-especial-herois-da-saude-12-the-dark-side-of-the-moon/
Café Brasil Especial – Heróis da Saúde 11 – Qual é seu propósito?;https://portalcafebrasil.com.br/cafe-brasil-especial-herois-da-saude-11-qual-e-seu-proposito/
Café Brasil 718 – No lugar do outro;https://portalcafebrasil.com.br/718-no-lugar-do-outro/
Café Brasil Especial – Heróis da Saúde 10 – Va Pensiero;https://portalcafebrasil.com.br/cafe-brasil-especial-herois-da-saude-10-va-pensiero/
Café Brasil Especial – Heróis da Saúde 9 – Rua Ramalhete;https://portalcafebrasil.com.br/cafe-brasil-especial-herois-da-saude-9-rua-ramalhete/
Café Brasil Especial – Heróis da Saúde 8 – Tapestry;https://portalcafebrasil.com.br/cafe-brasil-especial-herois-da-saude-8-tapestry/
Café Brasil 717- Tequinologia do abraço – Revisitado;https://portalcafebrasil.com.br/710-tequinologia-do-abraco-revisitado/
Café Brasil Especial – Heróis da Saúde 7 – Pinxado no Muro 2;https://portalcafebrasil.com.br/cafe-brasil-especial-herois-da-saude-7-pinxado-no-muro-2/
Café Brasil Especial – Heróis da Saúde 06 – Pinxado no Muro 1;https://portalcafebrasil.com.br/cafe-brasil-especial-herois-da-saude-06-pinxado-no-muro-1/
Café Brasil Especial – Heróis da Saúde 05 – Hallelujah;https://portalcafebrasil.com.br/cafe-brasil-especial-herois-da-saude-05-hallelujah/
Café Brasil 716 – Cafezinho Live com Adalberto Piotto;https://portalcafebrasil.com.br/716-cafezinho-live-com-adalberto-piotto/
Café Brasil Especial – Heróis da Saúde 04 – A Caverna de Todos Nós;https://portalcafebrasil.com.br/cafe-brasil-especial-herois-da-saude-04-a-caverna-de-todos-nos/
Café Brasil Especial – Heróis da Saúde 03 – Hotel Califórnia;https://portalcafebrasil.com.br/cafe-brasil-especial-herois-da-saude-03-hotel-california/
Café Brasil Especial – Heróis da Saúde 02 – Um Dia Útil;https://portalcafebrasil.com.br/cafe-brasil-especial-herois-da-saude-02-um-dia-util/
Café Brasil 715 – Cafezinho Live com Dado Schneider;https://portalcafebrasil.com.br/715-cafezinho-live-com-dado-schneider/
Café Brasil Especial – Heróis da Saúde 01 – God Save The Queen;https://portalcafebrasil.com.br/cafe-brasil-especial-herois-da-saude-01-god-save-the-queen/
Café Brasil 714 – Cafezinho Live com Murilo Gun;https://portalcafebrasil.com.br/714-cafezinho-live-com-murilo-gun/
Café Brasil 713 – Cafezinho Live com Bruno Garschagen;https://portalcafebrasil.com.br/713-cafezinho-live-com-bruno-garschagen/
Café Brasil 712 – Cafezinho Live – Ricardo Jordão Magalhães;https://portalcafebrasil.com.br/712-cafezinho-live-ricardo-jordao-magalhaes/
Café Brasil 711 – Cafezinho Live – Gustavo Cerbasi;https://portalcafebrasil.com.br/711-cafezinho-live-gustavo-cerbasi/
Café Brasil 710 – Todo mundo junto;https://portalcafebrasil.com.br/710-todo-mundo-junto/
Café Brasil 709 – Sobre perguntas;https://portalcafebrasil.com.br/709-sobre-perguntas/
Café Brasil 708 – Manifesto do Educador Honesto;https://portalcafebrasil.com.br/708-manifesto-do-educador-honesto/
Café Brasil 707 – O benefício da dúvida – Revisitado;https://portalcafebrasil.com.br/707-o-beneficio-da-duvida-revisitado/
Café Brasil 706 – Humildade Intelectual;https://portalcafebrasil.com.br/cafe-brasil-706-humildade-intelectual/
Café Brasil 705 – Empreendedor: Meu malvado favorito;https://portalcafebrasil.com.br/705-empreendedor-meu-malvado-favorito/
Café Brasil 704 – 45 Minutos do Primeiro Tempo;https://portalcafebrasil.com.br/704-45-minutos-do-primeiro-tempo/
Café Brasil 703 – Fogo no Hall;https://portalcafebrasil.com.br/703-fogo-no-hall/
Café Brasil 702 – Saindo da Bolha;https://portalcafebrasil.com.br/702-saindo-da-bolha/
Café Brasil 701 – Sorte;https://portalcafebrasil.com.br/701-sorte/
Café Brasil 700 – Girl Power;https://portalcafebrasil.com.br/700-girl-power/
Café Brasil 699- Um brasileiro;https://portalcafebrasil.com.br/699-um-brasileiro/
Café Brasil 698 – A Mente Moralista;https://portalcafebrasil.com.br/698-a-mente-moralista/
Café Brasil 697 – O isentão;https://portalcafebrasil.com.br/697-o-isentao/
Café Brasil 696 – Cachaça, Prosa e Viola;https://portalcafebrasil.com.br/696-cachaca-prosa-e-viola/
Café Brasil 695 – Fake news, mentira e crime;https://portalcafebrasil.com.br/695-fake-news-mentira-e-crime/
Café Brasil 694 – Maus Professores – Revisitado;https://portalcafebrasil.com.br/cafe-brasil-694-maus-professores-revisitado/
Café Brasil 693 – O influencer e o manipulator;https://portalcafebrasil.com.br/693-o-influencer-e-o-manipulator/
Café Brasil 692 – Jabustiça;https://portalcafebrasil.com.br/692-jabustica/
Café Brasil 691 – Os agilistas;https://portalcafebrasil.com.br/691-os-agilistas/
Café Brasil 690 – Vale quanto?;https://portalcafebrasil.com.br/690-vale-quanto/
Café Brasil 689 – A Missão;https://portalcafebrasil.com.br/689-a-missao/
Café Brasil 688 – Doar órgãos é doar vida;https://portalcafebrasil.com.br/688-doar-orgaos-e-doar-vida/
Café Brasil 687 – A herança maldita;https://portalcafebrasil.com.br/687-a-heranca-maldita/
Café Brasil 686 – O Meu Everest;https://portalcafebrasil.com.br/686-o-meu-everest/
Café Brasil 685 – Entrevista no Ranking dos Políticos;https://portalcafebrasil.com.br/685-entrevista-no-ranking-dos-politicos/
Café Brasil 684 – Susceptibilidade à negatividade;https://portalcafebrasil.com.br/684-susceptibilidade-a-negatividade/
Café Brasil 683 – O peixe;https://portalcafebrasil.com.br/683-o-peixe/
Café Brasil 682 – LíderCast 13;https://portalcafebrasil.com.br/682-lidercast-13/
Café Brasil 681 – Agrotóxicos: remédio ou veneno;https://portalcafebrasil.com.br/681-agrotoxicos-remedio-ou-veneno/
Café Brasil 680 – Nova Previdência 2;https://portalcafebrasil.com.br/680-nova-previdencia-2/
Café Brasil 679 – Será que acordamos?;https://portalcafebrasil.com.br/679-sera-que-acordamos/
Café Brasil 678 – Dominando a Civilidade;https://portalcafebrasil.com.br/678-dominando-a-civilidade/
Café Brasil 677 – Teorias da Conspiração;https://portalcafebrasil.com.br/677-teorias-da-conspiracao/
Café Brasil 676 – Homem na Lua 2;https://portalcafebrasil.com.br/676-homem-na-lua-2/
Café Brasil 675 – Homem na lua;https://portalcafebrasil.com.br/675-homem-na-lua/
Café Brasil 674 – Balde de Caranguejos;https://portalcafebrasil.com.br/674-balde-de-caranguejos/
Café Brasil 673 – LíderCast 12;https://portalcafebrasil.com.br/673-lidercast-12/
Café Brasil 672 – A mão invisível do mercado;https://portalcafebrasil.com.br/672-a-mao-invisivel-do-mercado/
Café Brasil 671 – Antifrágil;https://portalcafebrasil.com.br/cafe-brasil-671-antifragil/
Café Brasil 670 – A nova Previdência;https://portalcafebrasil.com.br/cafe-brasil-670-a-nova-previdencia/
Café Brasil 669 – Fora da Caixa 2;https://portalcafebrasil.com.br/669-fora-da-caixa-2/
Café Brasil 668 – Fora da caixa;https://portalcafebrasil.com.br/668-fora-da-caixa/
Café Brasil 667 – Ajuda, por favor;https://portalcafebrasil.com.br/667-ajuda-por-favor/
Café Brasil 666 – O diabo é o pai do rock;https://portalcafebrasil.com.br/666-o-diabo-e-o-pai-do-rock/
Café Brasil 665 – O Vale;https://portalcafebrasil.com.br/665-o-vale/
Café Brasil 664 – Sobre lagartas e borboletas;https://portalcafebrasil.com.br/664-sobre-lagartas-e-borboletas/
Café Brasil 663 – A crisálida;https://portalcafebrasil.com.br/663-a-crisalida/
Café Brasil 662 – A importância da cultura;https://portalcafebrasil.com.br/662-a-importancia-da-cultura/
Café Brasil 661 – A teoria do valor subjetivo;https://portalcafebrasil.com.br/661-a-teoria-do-valor-subjetivo/
Café Brasil 660 – Na esquina da sua casa;https://portalcafebrasil.com.br/660-na-esquina-da-sua-casa/
Café Brasil 659 – Empreendedorismo no Palco;https://portalcafebrasil.com.br/659-empreendorismo-no-palco/
Café Brasil 658 – Chá com a gente;https://portalcafebrasil.com.br/658-cha-com-a-gente/
Café Brasil 657 – Brumadinho e a Challenger;https://portalcafebrasil.com.br/657-brumadinho-e-a-challenger/
Café Brasil 656 – Rua Ramalhete;https://portalcafebrasil.com.br/656-rua-ramalhete/
Café Brasil 655 – É carnaval;https://portalcafebrasil.com.br/655-e-carnaval/
Café Brasil 654 – Sarau Café Brasil III;https://portalcafebrasil.com.br/654-sarau-cafe-brasil-iii/
Café Brasil 653 – LíderCast 11;https://portalcafebrasil.com.br/cafe-brasil-653-lidercast-11/
Café Brasil 652 – A realidade real;https://portalcafebrasil.com.br/652-a-realidade-real/
Café Brasil 651 – Era uma vez…;https://portalcafebrasil.com.br/651-era-uma-vez/
Café Brasil 650 – A Espiral do Silêncio;https://portalcafebrasil.com.br/650-a-espiral-do-silencio/
Café Brasil 649 – Quando eu tiver 64;https://portalcafebrasil.com.br/649-quando-eu-tiver-64/
Café Brasil 648 – Ethos, Logos, Pathos e o Diálogo Aberto;https://portalcafebrasil.com.br/648-ethos-logos-pathos-e-o-dialogo-aberto/
Café Brasil 647 – Father Hunger;https://portalcafebrasil.com.br/647-father-hunger/
Café Brasil 646 – Harry Nilsson;https://portalcafebrasil.com.br/646-harry-nilsson/
Café Brasil 645 – O Brasil e a demanda por dar certo;https://portalcafebrasil.com.br/645-o-brasil-e-a-demanda-por-dar-certo/
Café Brasil 644 – Apresentação da PodPesquisa 2018;https://portalcafebrasil.com.br/644-apresentacao-da-podpesquisa-2018/
Café Brasil 643 – Dominando a Civilidade;https://portalcafebrasil.com.br/643-dominando-a-civilidade/
Café Brasil 642 – A caverna de todos nós;https://portalcafebrasil.com.br/642-a-caverna-de-todos-nos/
Café Brasil 641 – O delito de ser livre;https://portalcafebrasil.com.br/641-o-delito-de-ser-livre/
Café Brasil 640 – O monumento à incompetência;https://portalcafebrasil.com.br/640-o-monumento-a-incompetencia/
Café Brasil 639 – Chega de falar de política;https://portalcafebrasil.com.br/639-chega-de-falar-de-politica/
Café Brasil 638 – O efeito Dunning-Kruger;https://portalcafebrasil.com.br/638-o-efeito-dunning-kruger/
Café Brasil 637 – LíderCast 10;https://portalcafebrasil.com.br/637-lidercast-10/
Café Brasil 636 – As duas éticas da eleição;https://portalcafebrasil.com.br/636-as-duas-eticas-da-eleicao/
Café Brasil 635 – De onde surgiu Bolsonaro?;https://portalcafebrasil.com.br/635-de-onde-surgiu-bolsonaro/
Café Brasil 634 – Me chama de corrupto, porra!;https://portalcafebrasil.com.br/634-me-chama-de-corrupto-porra/
Café Brasil 633 – Ballascast;https://portalcafebrasil.com.br/633-ballascast/
Café Brasil 632 – A era da inveja;https://portalcafebrasil.com.br/632-a-era-da-inveja/
Café Brasil 631 – O valor de seu voto – Revisitado;https://portalcafebrasil.com.br/631-o-valor-de-seu-voto-revisitado/
Café Brasil 630 – Outra Guerreira – Simone Mozilli;https://portalcafebrasil.com.br/630-outra-guerreira-simone-mozilli/
Café Brasil 629 – Gramsci e os Cadernos do Cárcere;https://portalcafebrasil.com.br/629-os-cadernos-do-carcere/
Café Brasil 628 – O olhar de pânico;https://portalcafebrasil.com.br/628-o-olhar-de-panico/
Café Brasil 627 – Os donos da liberdade;https://portalcafebrasil.com.br/627-os-donos-da-liberdade/
Café Brasil 626 – AlôTénica – A Podpesquisa;https://portalcafebrasil.com.br/626-alotenica-a-podpesquisa/
Café Brasil 625 – João Amoêdo;https://portalcafebrasil.com.br/625-joao-amoedo/
Café Brasil 624 – Paulo Rabello de Castro;https://portalcafebrasil.com.br/624-paulo-rabello-de-castro/
Café Brasil 623 – A lógica da adequação;https://portalcafebrasil.com.br/cafe-brasil-623-a-logica-da-adequacao/
Café Brasil 622 – O Esfíncter Intelectual;https://portalcafebrasil.com.br/622-o-esfincter-intelectual/
Café Brasil 621 – Orgulho de Ser Brasileiro;https://portalcafebrasil.com.br/cafe-brasil-621-orgulho-de-ser-brasileiro/
Café Brasil 620 – Democracia, tolerância e censura;https://portalcafebrasil.com.br/cafe-brasil-620-democracia-tolerancia-e-censura/
Café Brasil 619 – LíderCast 9;https://portalcafebrasil.com.br/619-lidercast-9/
Café Brasil 618 – No Toca Fitas Do Meu Carro – Scary Pockets;https://portalcafebrasil.com.br/618-no-toca-fitas-do-meu-carro-scary-pockets/
Café Brasil 617 – O Clube da Música Autoral;https://portalcafebrasil.com.br/617-o-clube-da-musica-autoral/
Café Brasil 616 – Na média;https://portalcafebrasil.com.br/616-na-media/
Café Brasil 615 – Fake News? Procure o viés;https://portalcafebrasil.com.br/615-fake-news-procure-o-vies/
Café Brasil 614 – Limão ou limonada;https://portalcafebrasil.com.br/614-limao-ou-limonada/
Café Brasil 613 – Biologia política;https://portalcafebrasil.com.br/cafe-brasil-613-biologia-politica/
Café Brasil 612 – O Efeito Genovese;https://portalcafebrasil.com.br/612-o-efeito-genovese/
Café Brasil 611 – Momentos felizes;https://portalcafebrasil.com.br/611-momentos-felizes/
Café Brasil 610 – Abre-te Sésamo;https://portalcafebrasil.com.br/610-abre-te-sesamo/
Café Brasil 609 – As leis;https://portalcafebrasil.com.br/609-as-leis/
Café Brasil 608 – As 12 Regras;https://portalcafebrasil.com.br/608-as-12-regras/
Café Brasil 607 – Uma Guerreira;https://portalcafebrasil.com.br/607-uma-guerreira/
Café Brasil 606- Histeria Política;https://portalcafebrasil.com.br/606-histeria-politica/
Café Brasil 605 – O jeito que somos;https://portalcafebrasil.com.br/605-o-jeito-que-somos/
Café Brasil 604 – (IN) segurança pública;https://portalcafebrasil.com.br/604-in-seguranca-publica/
Café Brasil 603 – LíderCast 8;https://portalcafebrasil.com.br/603-lidercast-8/
Café Brasil 602 – Tá esperando? – Revisitado;https://portalcafebrasil.com.br/602-ta-esperando-revisitado/
Café Brasil 601 – Alfabetização para a Mídia II;https://portalcafebrasil.com.br/601-alfabetizacao-para-a-midia-ii/
Café Brasil 600 – God Save The Queen;https://portalcafebrasil.com.br/600-god-save-the-queen/
Café Brasil 599 – Gastando tempo;https://portalcafebrasil.com.br/599-gastando-tempo/
Café Brasil 598 – O bovárico;https://portalcafebrasil.com.br/598-o-bovarico/
Café Brasil 597 – Simplifique;https://portalcafebrasil.com.br/597-simplifique/
Café Brasil 596 – A complicada arte de ver – revisitado;https://portalcafebrasil.com.br/596-a-complicada-arte-de-ver-revisitado/
Café Brasil 595 – A empatia positiva;https://portalcafebrasil.com.br/595-a-empatia-positiva/
Café Brasil 594 – Sultans of Swing;https://portalcafebrasil.com.br/594-sultans-of-swing/
Café Brasil 593 – Chororô;https://portalcafebrasil.com.br/593-chororo/
Café Brasil 592 – Transgressores;https://portalcafebrasil.com.br/592-transgressores/
Café Brasil 591 – Alfabetização para a mídia;https://portalcafebrasil.com.br/591-alfabetizacao-para-a-midia/
Café Brasil 590 – O que aprendi com o câncer;https://portalcafebrasil.com.br/590-o-que-aprendi-com-o-cancer/
Café Brasil 589 – A cultura da reclamação;https://portalcafebrasil.com.br/589-a-cultura-da-reclamacao/
Café Brasil 588 – Escola Sem Partido;https://portalcafebrasil.com.br/588-escola-sem-partido/
Café Brasil 587 – Podres de Mimados;https://portalcafebrasil.com.br/587-podres-de-mimados/
Café Brasil 586 – LiderCast 7;https://portalcafebrasil.com.br/586-lidercast-7/
Café Brasil 585 – Tolerância e relativismo;https://portalcafebrasil.com.br/585-tolerancia-e-relativismo/
Café Brasil 584 – O muitos e o um;https://portalcafebrasil.com.br/584-o-muitos-e-o-um/
Café Brasil 583 – A regra dos dois desvios;https://portalcafebrasil.com.br/583-a-regra-dos-dois-desvios/
Café Brasil 582 – Sobre transgressão;https://portalcafebrasil.com.br/582-sobre-transgressao/
Café Brasil 581 – Carta aos jornalistas;https://portalcafebrasil.com.br/581-carta-aos-jornalistas/
Café Brasil 580 – O esquecimento do bem;https://portalcafebrasil.com.br/580-o-esquecimento-do-bem/
Café Brasil 579 – A arte de falar merda;https://portalcafebrasil.com.br/579-a-arte-de-falar-merda/
Café Brasil 578 – O Círculo de ouro;https://portalcafebrasil.com.br/578-o-circulo-de-ouro/
Café Brasil 577 – Dois pra lá, dois pra cá;https://portalcafebrasil.com.br/577-dois-pra-la-dois-pra-ca/
Café Brasil 576 – Gratitude;https://portalcafebrasil.com.br/576-gratitude/
Café Brasil Curto 23 – Ideias românticas;https://portalcafebrasil.com.br/cafe-brasil-curto-23-ideias-romanticas/
Café Brasil Curto 22 – O que falta;https://portalcafebrasil.com.br/cafe-brasil-curto-22-o-que-falta/
Café Brasil Curto 21 – Os exemplos;https://portalcafebrasil.com.br/cafe-brasil-curto-21-os-exemplos/
Café Brasil 575 – As horas;https://portalcafebrasil.com.br/575-as-horas/
Café Brasil Curto 20 – Acho por acho;https://portalcafebrasil.com.br/cafe-brasil-curto-20-acho-por-acho/
Café Brasil Curto 19 – Mudar por discurso?;https://portalcafebrasil.com.br/cafe-brasil-curto-19-mudar-por-discurso/
Café Brasil 574 – Os agoristas;https://portalcafebrasil.com.br/574-os-agoristas/
Café Brasil Curto 18 – O problema são os outros;https://portalcafebrasil.com.br/cafe-brasil-curto-18-o-problema-sao-os-outros/
Café Brasil Curto 17 – Cadê elas?;https://portalcafebrasil.com.br/cafe-brasil-curto-17-cade-elas/
Café Brasil 573 – Despacito;https://portalcafebrasil.com.br/573-despacito/
Café Brasil Curto 16 – Imunização Cognitiva;https://portalcafebrasil.com.br/cafe-brasil-curto-16-imunizacao-cognitiva/
Café Brasil Curto 15 – Oito ou oitenta;https://portalcafebrasil.com.br/cafe-brasil-curto-15-oito-ou-oitenta/
Café Brasil 572 – O ouvinte ativo – Revisitado;https://portalcafebrasil.com.br/572-o-ouvinte-ativo-revisitado/
Café Brasil Curto 14 – Sobre liberdade;https://portalcafebrasil.com.br/cafe-brasil-curto-14-sobre-liberdade/
Café Brasil Curto 13 – Sobre resignação;https://portalcafebrasil.com.br/cafe-brasil-curto-13-sobre-resignacao/
Café Brasil 571 – Fala sério;https://portalcafebrasil.com.br/571-fala-serio/
Café Brasil Curto 12 – Viver do passado;https://portalcafebrasil.com.br/cafe-brasil-curto-12-viver-do-passado/
Café Brasil Curto 11 – Os mais vivos;https://portalcafebrasil.com.br/cafe-brasil-curto-11-os-mais-vivos/
Café Brasil 570 – LíderCast 6;https://portalcafebrasil.com.br/570-lidercast-6/
Café Brasil Curto 10 – Os porquês;https://portalcafebrasil.com.br/cafe-brasil-curto-10-os-porques/
Café Brasil Curto 09 – Economia do Compartilhamento;https://portalcafebrasil.com.br/cafe-brasil-curto-09-economia-do-compartilhamento/
Café Brasil 569 – O artista de rua;https://portalcafebrasil.com.br/569-o-artista-de-rua/
Café Brasil Curto 08 – Educação adulta;https://portalcafebrasil.com.br/cafe-brasil-curto-08-educacao-adulta/
Café Brasil Curto 07 – Os Suspeitos;https://portalcafebrasil.com.br/cafe-brasil-curto-07-os-suspeitos/
Café Brasil 568 – Ao mestre com carinho;https://portalcafebrasil.com.br/568-ao-mestre-com-carinho/
Café Brasil Curto 06 – O Gestor;https://portalcafebrasil.com.br/cafe-brasil-curto-06-o-gestor/
Café Brasil Curto 05 – A zona da indiferença;https://portalcafebrasil.com.br/cafe-brasil-curto-05-a-zona-da-indiferenca/
Café Brasil 567 – Carta ao jovem desempregado;https://portalcafebrasil.com.br/567-carta-ao-jovem-desempregado/
Café Brasil Curto 04 – O preço da liberdade;https://portalcafebrasil.com.br/cafe-brasil-curto-04-o-preco-da-liberdade/
Café Brasil Curto 03 – FISCALMENTE ILUDIDOS;https://portalcafebrasil.com.br/cafe-brasil-curto-03-fiscalmente-iludidos/
Café Brasil Curto 02 – A FORMATURA;https://portalcafebrasil.com.br/cafe-brasil-curto-02-a-formatura/
Café Brasil 566 – Mindset;https://portalcafebrasil.com.br/566-mindset/
Café Brasil Curto 01 – É TUDO SODA;https://portalcafebrasil.com.br/cafe-brasil-curto-01-e-tudo-soda/
Café Brasil 565 – Ainda a desigualdade;https://portalcafebrasil.com.br/565-ainda-a-desigualdade/
Café Brasil 564 – Fogo no circo;https://portalcafebrasil.com.br/564-fogo-no-circo/
Café Brasil 563 – Corruptinhos – Revisitado;https://portalcafebrasil.com.br/563-corruptinhos-revisitado/
Café Brasil 562 – Orgulho de ser corrupto;https://portalcafebrasil.com.br/562-orgulho-de-ser-corrupto/
Café Brasil 561 – Intueri;https://portalcafebrasil.com.br/561-intueri/
Café Brasil 560 – Welcome to the Hotel California;https://portalcafebrasil.com.br/560-welcome-to-the-hotel-california/
Café Brasil 559 – Vida de vampiro;https://portalcafebrasil.com.br/559-vida-de-vampiro/
Café Brasil 558 – O Café Brasil Premium;https://portalcafebrasil.com.br/558-o-cafe-brasil-premium/
Café Brasil 557 – Três princípios para falar de Justiça;https://portalcafebrasil.com.br/557-tres-principios-para-falar-de-justica/
Café Brasil 556 – Certos abraços – Revisitado;https://portalcafebrasil.com.br/556-certos-abracos-revisitado/
Café Brasil 555 – Uma proposta para reforma da Previdência;https://portalcafebrasil.com.br/555-uma-proposta-para-reforma-da-previdencia/
Café Brasil 554 – Um jeito de ver o mundo;https://portalcafebrasil.com.br/554-um-jeito-de-ver-o-mundo/
Café Brasil 553 – Exponential Talks;https://portalcafebrasil.com.br/553-exponential-talks/
Café Brasil 552 – LíderCast 5;https://portalcafebrasil.com.br/552-lidercast-5/
Café Brasil 551 – Todo mundo é deficiente;https://portalcafebrasil.com.br/551-todo-mundo-e-deficiente/
Café Brasil 550 – Carnaval revisitado;https://portalcafebrasil.com.br/550-carnaval-revisitado/
Café Brasil 549 – Os quatro compromissos;https://portalcafebrasil.com.br/549-os-quatro-compromissos/
Café Brasil 548 – O efeito borboleta;https://portalcafebrasil.com.br/548-o-efeito-borboleta/
Café Brasil 547 – Sobre desigualdade;https://portalcafebrasil.com.br/547-sobre-desigualdade/
Café Brasil 546 – Só por hoje;https://portalcafebrasil.com.br/546-so-por-hoje/
Café Brasil 545 – Explicando Política Para Crianças – Revisitado;https://portalcafebrasil.com.br/545-explicando-politica-para-criancas-revisitado/
Café Brasil 544 – Persuadível;https://portalcafebrasil.com.br/544-persuadivel/
Café Brasil 543 – Desengajamento moral;https://portalcafebrasil.com.br/543-desengajamento-moral/
Café Brasil 542 – Tapestry;https://portalcafebrasil.com.br/542-tapestry/
Café Brasil 541 – A festa do podcast;https://portalcafebrasil.com.br/541-a-festa-do-podcast/
Café Brasil 540 – Cobertor de solteiro;https://portalcafebrasil.com.br/540-cobertor-de-solteiro/
Café Brasil 539 – A história de um valente;https://portalcafebrasil.com.br/539-a-historia-de-um-valente/
Café Brasil 538 – Caçadores da verdade perdida;https://portalcafebrasil.com.br/538-cacadores-da-verdade-perdida/
Café Brasil 537 – Vamo, vamo, Chape!;https://portalcafebrasil.com.br/537-vamo-vamo-chape/
Café Brasil 536 – A política da pós-verdade;https://portalcafebrasil.com.br/536-a-politica-da-pos-verdade/
Café Brasil 535 – Hallelujah;https://portalcafebrasil.com.br/535-hallelujah/
Café Brasil 534 – Labfazedores;https://portalcafebrasil.com.br/534-labfazedores/
Café Brasil 533 – Que país é esse;https://portalcafebrasil.com.br/533-que-pais-e-esse/
Café Brasil 532 – Lidercast IV;https://portalcafebrasil.com.br/532-lidercast-iv/
Café Brasil 531 – A invasão dos caras de pau;https://portalcafebrasil.com.br/531-a-invasao-dos-caras-de-pau/
Café Brasil 530 – Opinião@dois;https://portalcafebrasil.com.br/530-opiniaodois/
Café Brasil 529 – Equilíbrio Distante;https://portalcafebrasil.com.br/529-equilibrio-distante/
Café Brasil 528 – Um dia útil – Revisitado;https://portalcafebrasil.com.br/528-um-dia-util-revisitado/
Café Brasil 527 – Os X Men;https://portalcafebrasil.com.br/527-os-x-men/
Café Brasil 526 – Um jeito brasileiro de ser;https://portalcafebrasil.com.br/526-um-jeito-brasileiro-de-ser/
Café Brasil 525 – Empreende Dor;https://portalcafebrasil.com.br/525-empreende-dor/
Café Brasil 524 – O dia seguinte;https://portalcafebrasil.com.br/524-o-dia-seguinte/
Café Brasil 523 – Persuadir ou manipular;https://portalcafebrasil.com.br/523-persuadir-ou-manipular/
Café Brasil 522 – Folha seca;https://portalcafebrasil.com.br/522-folha-seca/
Café Brasil 521 – A cultura do confronto;https://portalcafebrasil.com.br/521-a-cultura-do-confronto/
Café Brasil 520 – Cabeça fechada;https://portalcafebrasil.com.br/520-cabeca-fechada/
Café Brasil 519 – Café com coach;https://portalcafebrasil.com.br/519-cafe-com-coach/
Café Brasil 518 – O fator Merlin;https://portalcafebrasil.com.br/518-o-fator-merlin/
Café Brasil 517 – Música e Ditadura Revisitado;https://portalcafebrasil.com.br/517-musica-e-ditadura-revisitado/
Café Brasil 516 – Pra onde você vai?;https://portalcafebrasil.com.br/516-pra-onde-voce-vai/
Café Brasil 515 – Se vira, meu;https://portalcafebrasil.com.br/515-se-vira-meu/
Café Brasil 514 – Rocket Man;https://portalcafebrasil.com.br/514-rocket-man/
Café Brasil 513 – O valor da arte;https://portalcafebrasil.com.br/513-o-valor-da-arte/
Café Brasil 512 – Pinxado no Muro II;https://portalcafebrasil.com.br/512-pinxado-no-muro-ii/
Café Brasil 511 – Pinxado no muro revisitado;https://portalcafebrasil.com.br/511-pinxado-no-muro-revisitado/
Café Brasil 510 – LíderCast III;https://portalcafebrasil.com.br/510-lidercast-iii/
Café Brasil 509 – O tênis e o frescobol;https://portalcafebrasil.com.br/509-o-tenis-e-o-frescobol/
Café Brasil 508 – A dissonância cognitiva;https://portalcafebrasil.com.br/508-a-dissonancia-cognitiva/
Café Brasil 507 – Amizades desfeitas;https://portalcafebrasil.com.br/507-amizades-desfeitas/
Café Brasil 506 – O espelho;https://portalcafebrasil.com.br/506-o-espelho/
Café Brasil 505 – João Brasileiro Médio Revisitado;https://portalcafebrasil.com.br/505-joao-brasileiro-medio-revisitado/
Café Brasil 504 – As visões se clareando;https://portalcafebrasil.com.br/504-as-visoes-se-clareando/
Café Brasil 503 – A indiferença;https://portalcafebrasil.com.br/503-a-indiferenca/
Café Brasil 502 – Um coxinha.;https://portalcafebrasil.com.br/502-eu-coxinha/
Café Brasil 501 – Vai viver, cara;https://portalcafebrasil.com.br/501-vai-viver-cara/
Café Brasil 500 – Caleidoscópio;https://portalcafebrasil.com.br/500-caleidoscopio/
Café Brasil 499 – Rabarbaro;https://portalcafebrasil.com.br/499-rabarbaro/
Café Brasil 498 – O hiato da aspiração;https://portalcafebrasil.com.br/498-o-hiato-da-aspiracao/
Café Brasil 497 – Eureka!;https://portalcafebrasil.com.br/497-eureka/
Café Brasil 496 – Carta aberta ao Brasil;https://portalcafebrasil.com.br/496-carta-aberta-ao-brasil/
Café Brasil 495 – Crise ou transformação;https://portalcafebrasil.com.br/495-crise-ou-transformacao/
Café Brasil 494 – O bom propósito;https://portalcafebrasil.com.br/494-o-bom-proposito/
Café Brasil 493 – Iscas Intelectuais ao Vivo 1;https://portalcafebrasil.com.br/493-iscas-intelectuais-ao-vivo-1/
Café Brasil 492 – Qual é seu propósito?;https://portalcafebrasil.com.br/492-qual-e-seu-proposito/
Café Brasil 491 – O homem das estrelas;https://portalcafebrasil.com.br/491-o-homem-das-estrelas/
Café Brasil 490 – Caixa de histórias;https://portalcafebrasil.com.br/490-caixa-de-historias/
Café Brasil 489 – A âncora;https://portalcafebrasil.com.br/489-a-ancora/
Café Brasil 488 – O problema do problema;https://portalcafebrasil.com.br/488-o-problema-do-problema/
Café Brasil 487 – Unfollow;https://portalcafebrasil.com.br/487-unfollow/
Café Brasil 486 – EXTRA – Star Wars;https://portalcafebrasil.com.br/486-extra-star-wars/
Café Brasil 485 – Capitalismo, Estado e Compadres;https://portalcafebrasil.com.br/485-capitalismo-estado-e-compadres/
Café Brasil 484 – LíderCast II;https://portalcafebrasil.com.br/484-lidercast-ii/
Café Brasil 483 – A luta contra a AIDS;https://portalcafebrasil.com.br/483-a-luta-contra-a-aids/
Café Brasil 482 – Em nome de Alá;https://portalcafebrasil.com.br/482-em-nome-de-ala/
Café Brasil 481 – Histórias de fãs;https://portalcafebrasil.com.br/481-historias-de-fas/
Café Brasil 480 – A crítica nutritiva;https://portalcafebrasil.com.br/480-a-critica-nutritiva/
Café Brasil 479 – Um salto no espaço;https://portalcafebrasil.com.br/479-um-salto-no-espaco/
Café Brasil 478 – Suscetibilidade à negatividade;https://portalcafebrasil.com.br/478-suscetibilidade-a-negatividade/
Café Brasil 477 – Entrevista no Mises Brasil;https://portalcafebrasil.com.br/cafe-brasil-477-entrevista-no-mises-brasil/
Café Brasil 476 – Fêmeas e macho;https://portalcafebrasil.com.br/476-femeas-e-macho/
Café Brasil 475 – Estadão ou estadinho;https://portalcafebrasil.com.br/475-estadao-ou-estadinho/
Café Brasil 474 – La mano peluda;https://portalcafebrasil.com.br/474-la-mano-peluda/
Café Brasil 473 – Canção do exílio;https://portalcafebrasil.com.br/473-cancao-do-exilio/
Café Brasil 472 – A Era da ansiedade;https://portalcafebrasil.com.br/472-a-era-da-ansiedade/
Café Brasil 471 – A revolução;https://portalcafebrasil.com.br/471-a-revolucao/
Café Brasil 470 – Ultrageek – Pais x Tecnologia;https://portalcafebrasil.com.br/470-ultrageek-pais-vc-tecnologia/
Café Brasil 469 – O Aqui e agora;https://portalcafebrasil.com.br/469-o-aqui-e-agora/
Café Brasil 468 – Armadura Emocional;https://portalcafebrasil.com.br/468-armadura-emocional/
Café Brasil 467 – Brasiliência;https://portalcafebrasil.com.br/467-brasiliencia/
Café Brasil 466 – Perfil do ouvinte;https://portalcafebrasil.com.br/466-perfil-do-ouvinte/
Café Brasil 465 – Ainda a produtividade;https://portalcafebrasil.com.br/465-ainda-a-produtividade/
Café Brasil 464 – Desigualdade social;https://portalcafebrasil.com.br/464-desigualdade-social/
Café Brasil 463 – Sobre sorte e Azar;https://portalcafebrasil.com.br/463-sobre-sorte-e-azar/
Café Brasil 462 – Meritocracia três;https://portalcafebrasil.com.br/462-meritocracia-tres/
Café Brasil 461 – Meritocracia dois;https://portalcafebrasil.com.br/461-meritocracia-dois/
Café Brasil 460 – Meritocracia um;https://portalcafebrasil.com.br/460-meritocracia-um/
Café Brasil 459 – Café Brasil LíderCast;https://portalcafebrasil.com.br/459-cafe-brasil-lidercast/
Café Brasil 458 – Questão de Mulher;https://portalcafebrasil.com.br/458-questao-de-mulher/
Café Brasil 457 – Va Pensiero;https://portalcafebrasil.com.br/457-va-pensiero/
Café Brasil 456 – Me engana que eu gosto;https://portalcafebrasil.com.br/456-me-engana-que-eu-gosto/
Café Brasil 455 – Bohemian Rhapsody Revisitada;https://portalcafebrasil.com.br/455-bohemian-rhapsody-revisitada/
Café Brasil 454 – Café Brasil – Os primeiros 10 anos;https://portalcafebrasil.com.br/454-cafe-brasil-os-primeiros-10-anos/
Café Brasil 453 – Quatro formas de gastar dinheiro;https://portalcafebrasil.com.br/453-quatro-formas-de-ganhar-dinheiro/
Café Brasil 452 – Café com o Otário;https://portalcafebrasil.com.br/452-cafe-com-o-otario/
Café Brasil 451 – Despoluindo olhares;https://portalcafebrasil.com.br/451-despoluindo-olhares/
Café Brasil 450 – A revolta do Tico;https://portalcafebrasil.com.br/450-a-revolta-do-tico/
Café Brasil 449 – O olhar não poluído;https://portalcafebrasil.com.br/449-o-olhar-nao-poluido/
Café Brasil 448 – O que se vê e o que não se vê;https://portalcafebrasil.com.br/448-o-que-se-ve-e-o-que-nao-se-ve/
Café Brasil 447 – Temacast: O Brasil tem jeito?;https://portalcafebrasil.com.br/447-temacast-o-brasil-tem-jeito/
Café Brasil 446 – Conspiradores;https://portalcafebrasil.com.br/446-conspiradores/
Café Brasil 445 – Matéria Estelar;https://portalcafebrasil.com.br/445-materia-estelar/
Café Brasil 444 – Tá ruim ou tá bom?;https://portalcafebrasil.com.br/444-ta-ruim-ou-ta-bom/
Café Brasil 443 – Tá bom ou tá ruim?;https://portalcafebrasil.com.br/443-ta-bom-ou-ta-ruim/
Café Brasil 442 – Clássicos do Samba Enredo;https://portalcafebrasil.com.br/442-classicos-do-samba-enredo/
Café Brasil 441 – Ultrageek – Os limites do humor;https://portalcafebrasil.com.br/441-ultrageek-os-limites-do-humor/
Café Brasil 440 – O limite da liberdade 2;https://portalcafebrasil.com.br/440-o-limite-da-liberdade-2/
Café Brasil 439 – O limite da liberdade 1;https://portalcafebrasil.com.br/439-o-limite-da-liberdade-1/
Café Brasil 438 – Limpando a lista;https://portalcafebrasil.com.br/438-limpando-a-lista/
Café Brasil 437 – Crônica para Charlie Hebdo;https://portalcafebrasil.com.br/437-cronica-para-charlie-hebdo/
Café Brasil 436 – The Dark Side of the Moon;https://portalcafebrasil.com.br/436-the-dark-side-of-the-moon/
Café Brasil 435 – O ouvinte fala;https://portalcafebrasil.com.br/435-o-ouvinte-fala/
Café Brasil 434 – O bom dinheiro;https://portalcafebrasil.com.br/434-o-bom-dinheiro/
Café Brasil 433 – Minha ideia, minha obra;https://portalcafebrasil.com.br/433-minha-ideia-minha-obra/
Café Brasil 432 – Descendo do muro;https://portalcafebrasil.com.br/432-descendo-do-muro/
Café Brasil 431 – No toca fitas do meu carro – Postmodern Jukebox;https://portalcafebrasil.com.br/431-no-toca-fitas-do-meu-carro-postmodern-jukebox/
Café Brasil 430 – Serendipidade;https://portalcafebrasil.com.br/430-serendipidade/
Café Brasil 429 – Ela é petista, mas é minha amiga;https://portalcafebrasil.com.br/429-ela-e-petista-mas-e-minha-amiga-2/
Café Brasil 428 – Tocando em frente;https://portalcafebrasil.com.br/428-tocando-em-frente/
Café Brasil 427 – Pai D´Égua Sumano;https://portalcafebrasil.com.br/427-pai-degua-sumano/
Café Brasil 426 – Ostracismo Social;https://portalcafebrasil.com.br/426-ostracismo-global/
Café Brasil 425 – Dia do podcast com Metacast;https://portalcafebrasil.com.br/425-dia-do-podcast-com-metacast/
Café Brasil 424 – Aos Vinte e Sete;https://portalcafebrasil.com.br/424-aos-vinte-e-sete/
Café Brasil 423 – Non ducor duco;https://portalcafebrasil.com.br/423-non-ducor-duco/
Café Brasil 422 – O último dia.;https://portalcafebrasil.com.br/422-o-ultimo-dia/
Café Brasil 421 – A pedra no lago.;https://portalcafebrasil.com.br/421-a-pedra-no-lago/
Café Brasil 420 – A zona da indiferença.;https://portalcafebrasil.com.br/420-a-zona-da-indiferenca/
Café Brasil 419 – Geração Cabecinha;https://portalcafebrasil.com.br/419-geracao-cabecinha/
Café Brasil 418 – O imperativo categórico.;https://portalcafebrasil.com.br/418-o-imperativo-categorico/
Café Brasil 417 – A fábrica de amigos.;https://portalcafebrasil.com.br/417-a-fabrica-de-amigos/
Café Brasil 416 – Coisinha estúpida.;https://portalcafebrasil.com.br/coisinha-estupida/
Café Brasil 415 – O valor de seu voto.;https://portalcafebrasil.com.br/o-valor-de-seu-voto/
Café Brasil 414 – Eu acreditei;https://portalcafebrasil.com.br/414-eu-acreditei/
Café Brasil 413 – A origem da burrice;https://portalcafebrasil.com.br/413-a-origem-da-burrice/
Café Brasil 412 – Rubem Alves;https://portalcafebrasil.com.br/412-rubem-alves/
Café Brasil 411 – Amor y odio;https://portalcafebrasil.com.br/411-amor-y-odio/
Café Brasil 410 – É correto ser politicamente correto?;https://portalcafebrasil.com.br/410-e-correto-ser-politicamente-correto/
Café Brasil 409 – Café com os comentadores;https://portalcafebrasil.com.br/409-cafe-brasil-cafe-com-os-comentadores/
Café Brasil 408 – O olhar produtivo – final;https://portalcafebrasil.com.br/408-o-olhar-produtivo-final/
Café Brasil 407 – O olhar produtivo – desculpas;https://portalcafebrasil.com.br/407-o-olhar-produtivo-desculpas/
Café Brasil 406 – A Copa do Mundo é nossa;https://portalcafebrasil.com.br/406-a-copa-do-mundo-e-nossa/
Café Brasil 405 – Entrevista o empreendedor – Murilo Gun;https://portalcafebrasil.com.br/405-entrevista-o-empreendedor-murilo-gun/
Café Brasil 404 – Olhar produtivo – porquê & aprender;https://portalcafebrasil.com.br/404-olhar-produtivo-porque-aprender/
Café Brasil 403 – O olhar produtivo – foco;https://portalcafebrasil.com.br/403-o-olhar-produtivo-foco/
Café Brasil 402 – Produtividade tupiniquim;https://portalcafebrasil.com.br/402-produtividade-tupiniquim/
Café Brasil 401 – É a produtividade, estúpido!;https://portalcafebrasil.com.br/401-e-a-produtividade-estupido/
Café Brasil 400 – Já que SOUL brasileiro;https://portalcafebrasil.com.br/400-ja-que-soul-brasileiro/
Café Brasil 399 – Entrevista o político;https://portalcafebrasil.com.br/399-entrevista-o-politico/
Café Brasil 398 – As elites mal acostumadas;https://portalcafebrasil.com.br/398-as-elites-mal-acostumadas/
Café Brasil 397 – Escutatória;https://portalcafebrasil.com.br/397-escutatoria/
Café Brasil 396 – Entrevista Os Montanhistas;https://portalcafebrasil.com.br/396-entrevista-os-montanhistas/
Café Brasil 395 – Capitalismo tupiniquim 3;https://portalcafebrasil.com.br/395-capitalismo-tupiniquim-3/
Café Brasil 394 – O home tem que te muié;https://portalcafebrasil.com.br/394-o-home-tem-que-te-muie/
Café Brasil 393 – Capitalismo tupiniquim 2;https://portalcafebrasil.com.br/393-capitalismo-tupiniquim-2/
Café Brasil 392 – Capitalismo tupiniquim;https://portalcafebrasil.com.br/392-capitalismo-tupiniquim/
Café Brasil 391 – Mimimi descontrolado;https://portalcafebrasil.com.br/391-mimimi-descontrolado/
Café Brasil 390 – Simpatia pelo diabo;https://portalcafebrasil.com.br/390-simpatia-pelo-diabo/
Café Brasil 389 – Os dois deuses do Brasil;https://portalcafebrasil.com.br/389-os-dois-deuses-do-brasil/
Café Brasil 388 – O portão;https://portalcafebrasil.com.br/388-o-portao/
Café Brasil 387 – Entrevista o economista;https://portalcafebrasil.com.br/387-entrevista-o-economista/
Café Brasil 386 – O mundo muda;https://portalcafebrasil.com.br/386-o-mundo-muda/
Café Brasil 385 – Deduzir ou induzir;https://portalcafebrasil.com.br/385-deduzir-ou-induzir/
Café Brasil 384 – Café Brasil – Mises Brasil;https://portalcafebrasil.com.br/384-cafe-brasil-mises-brasil/
Café Brasil 383 – Mudança de hábitos;https://portalcafebrasil.com.br/383-mudanca-de-habitos/
Café Brasil 382 – É Natal;https://portalcafebrasil.com.br/382-e-natal/
Café Brasil 381 – O que falta;https://portalcafebrasil.com.br/381-o-que-falta/
Café Brasil 380 – Pingos nos is;https://portalcafebrasil.com.br/380-pingos-nos-is/
Café Brasil 379 – Esse tal socialismo;https://portalcafebrasil.com.br/379-esse-tal-socialismo/
Café Brasil 378 – Esse tal capitalismo;https://portalcafebrasil.com.br/378-esse-tal-capitalismo/
Café Brasil 377 – Dias sombrios;https://portalcafebrasil.com.br/377-dias-sombrios/
Café Brasil 376 – Ainda sobre a normose;https://portalcafebrasil.com.br/376-ainda-sobre-a-normose/
Café Brasil 375 – Régua, compasso e normose 2;https://portalcafebrasil.com.br/375-regua-compasso-e-normose-2/
Café Brasil 374 – Régua, compasso e normose 1;https://portalcafebrasil.com.br/374-regua-compasso-e-normose-1/
Café Brasil 373 – Sobre amor e paixão 5;https://portalcafebrasil.com.br/373-sobre-amor-e-paixao-5/
Café Brasil 372 – Sobre amor e paixão 4;https://portalcafebrasil.com.br/372-sobre-amor-e-paixao-4/
Café Brasil 371 – Sobre amor e paixão 3;https://portalcafebrasil.com.br/371-sobre-amor-e-paixao-3/
Café Brasil 370 – Sobre amor e paixão 2;https://portalcafebrasil.com.br/370-sobre-amor-e-paixao-2/
Café Brasil 369 – No toca fitas do meu carro – Blues;https://portalcafebrasil.com.br/369-no-toca-fitas-do-meu-carro-blues/
Café Brasil 368 – Sobre amor e paixão;https://portalcafebrasil.com.br/368-sobre-amor-e-paixao/
Café Brasil 367 – Vossa Excelência é um idiota;https://portalcafebrasil.com.br/367-vossa-excelencia-e-um-idiota/
Café Brasil 366 – Bacanudo Café;https://portalcafebrasil.com.br/366-bacanudo-cafe/
Café Brasil 365 – Outrospecção;https://portalcafebrasil.com.br/365-outrospeccao/
Café Brasil 364 – A ética da agressão;https://portalcafebrasil.com.br/364-a-etica-da-agressao/
Café Brasil 363 – Marketing é religião;https://portalcafebrasil.com.br/363-marketing-e-religiao/
Café Brasil 362 – A janela de Overton;https://portalcafebrasil.com.br/362-a-janela-de-overton/
Café Brasil 361 – Vivendo no tempo do outro;https://portalcafebrasil.com.br/361-vivendo-no-tempo-do-outro/
Café Brasil 360 – Urgente ou importante;https://portalcafebrasil.com.br/360-urgente-ou-importante/
Café Brasil 359 – Como nossos pais;https://portalcafebrasil.com.br/359-como-nossos-pais/
Café Brasil 358 – Respeito;https://portalcafebrasil.com.br/358-respeito/
Café Brasil 357 – Nunca serão;https://portalcafebrasil.com.br/357-nunca-serao/
Café Brasil 356 – Solto nas ruas;https://portalcafebrasil.com.br/356-solto-nas-ruas/
Café Brasil 355 – Maioridade Penal 3;https://portalcafebrasil.com.br/355-maioridade-penal-3/
Café Brasil 354 – Maioridade Penal 2;https://portalcafebrasil.com.br/354-maioridade-penal-2/
Café Brasil 353 – Maioridade Penal 1;https://portalcafebrasil.com.br/353-maioridade-penal-1/
Café Brasil 352 – Bandido bom é bandido…;https://portalcafebrasil.com.br/352-bandido-bom-e-bandido/
Café Brasil 351 – A arrogância segundo os medíocres;https://portalcafebrasil.com.br/351-a-arrogancia-segundo-os-mediocres/
Café Brasil 350 – Sexo bom;https://portalcafebrasil.com.br/350-sexo-bom/
Café Brasil 349 – O Podbook;https://portalcafebrasil.com.br/349-o-podbook/
Café Brasil 348 – O trem da história;https://portalcafebrasil.com.br/348-o-trem-da-historia/
Café Brasil 347 – Sobre caráter;https://portalcafebrasil.com.br/347-sobre-carater/
Café Brasil 346 – A solidão do Chorão;https://portalcafebrasil.com.br/346-a-solidao-do-chorao/
Café Brasil 345 – Mamãe me ensinou;https://portalcafebrasil.com.br/345-mamae-me-ensinou/
Café Brasil 344 – Quase;https://portalcafebrasil.com.br/344-quase/
Café Brasil 343 – A escala de Allport;https://portalcafebrasil.com.br/343-a-escala-de-allport/
Café Brasil 342 – Ainda a cultura;https://portalcafebrasil.com.br/342-ainda-a-cultura/
Café Brasil 341 – Pancadão é cultura?;https://portalcafebrasil.com.br/341-pancadao-e-cultura/
Café Brasil 340 – Diário de um Dekassegui;https://portalcafebrasil.com.br/340-diario-de-um-dekassegui/
Café Brasil 339 – Die gedanken sind frei;https://portalcafebrasil.com.br/339-die-gedanken-sind-frei/
Café Brasil 338 – Entrevista o palhaço;https://portalcafebrasil.com.br/338-entrevista-o-palhaco/
Café Brasil 337 – Oração da maçaneta;https://portalcafebrasil.com.br/a-oracao-da-macaneta/
Café Brasil 336 – Ganância e ambição;https://portalcafebrasil.com.br/336-ganancia-e-ambicao/
Café Brasil 335 – Segundas intenções;https://portalcafebrasil.com.br/335-segundas-intencoes/
Café Brasil 334 – Gosto não se discute?;https://portalcafebrasil.com.br/334-gosto-nao-se-discute/
Café Brasil 333 – Lidando com as críticas;https://portalcafebrasil.com.br/333-lidando-com-as-criticas/
Café Brasil 332 – Ovelha negra;https://portalcafebrasil.com.br/332-ovelha-negra/
Café Brasil 331 – E o mundo não acabou;https://portalcafebrasil.com.br/331-e-o-mundo-nao-acabou/
Café Brasil 330 – Agora ou nunca;https://portalcafebrasil.com.br/330-agora-ou-nunca/
Café Brasil 329 – O fim do podcast Café Brasil;https://portalcafebrasil.com.br/329-o-fim-do-podcast-cafe-brasil/
Café Brasil 328 – O efeito Mozart;https://portalcafebrasil.com.br/328-o-efeito-mozart/
Café Brasil 327 – Gente que ouve a gente;https://portalcafebrasil.com.br/327-gente-que-ouve-a-gente/
Café Brasil 326 – A música está ficando ruim?;https://portalcafebrasil.com.br/326-a-musica-esta-ficando-ruim/
Café Brasil 325 – O princípio de Poliana;https://portalcafebrasil.com.br/325-o-principio-de-poliana/
Café Brasil 324 – Não gosto!;https://portalcafebrasil.com.br/324-nao-gosto/
Café Brasil 323 – Ainda o tempo;https://portalcafebrasil.com.br/323-ainda-o-tempo/
Café Brasil 322 – Sobre política e caráter;https://portalcafebrasil.com.br/322-sobre-politica-e-carater/
Café Brasil 321 – Me engana que eu gosto;https://portalcafebrasil.com.br/321-me-engana-que-eu-gosto/
Café Brasil 320 – Sobre o tempo;https://portalcafebrasil.com.br/320-sobre-o-tempo/
Café Brasil 319 – Telhacast Café;https://portalcafebrasil.com.br/319-telhacast-cafe/
Café Brasil 318 – Os malucos beleza;https://portalcafebrasil.com.br/318-os-malucos-beleza/
Café Brasil 317 – É caro ser pobre;https://portalcafebrasil.com.br/317-e-caro-ser-pobre/
Café Brasil 316 – Loucos, sonâmbulos e descrentes;https://portalcafebrasil.com.br/316-loucos-sonambulos-e-descrentes/
Café Brasil 315 – Loki;https://portalcafebrasil.com.br/315-loki/
Café Brasil 314 – Maluco beleza;https://portalcafebrasil.com.br/314-maluco-beleza/
Café Brasil 313 – Certos malucos;https://portalcafebrasil.com.br/313-certos-malucos/
Café Brasil 312 – Por que não?;https://portalcafebrasil.com.br/312-por-que-nao/
Café Brasil 311 – Maus professores;https://portalcafebrasil.com.br/311-maus-professores/
Café Brasil 310 – João Brasileiro Médio;https://portalcafebrasil.com.br/310-joao-brasileiro-medio/
Café Brasil 309 – Tiros em Aurora;https://portalcafebrasil.com.br/309-tiros-em-aurora/
Café Brasil 308 – Espelho;https://portalcafebrasil.com.br/308-espelho/
Café Brasil 307 – O olheiro;https://portalcafebrasil.com.br/307-o-olheiro/
Café Brasil 306 – Chorei, chorei…;https://portalcafebrasil.com.br/306-chorei-chorei/
Café Brasil 305 – Diário de um líder;https://portalcafebrasil.com.br/305-diario-de-um-lider/
Café Brasil 304 – Arqueologia musical;https://portalcafebrasil.com.br/304-arqueologia-musical/
Café Brasil 303 – Ordeira anarquia;https://portalcafebrasil.com.br/303-ordeira-anarquia/
Café Brasil 302 – A TV e a felicidade;https://portalcafebrasil.com.br/302-a-tv-e-a-felicidade/
Café Brasil 301 – Eu nunca te amei, idiota;https://portalcafebrasil.com.br/301-eu-nunca-te-amei-idiota/
Café Brasil 300 – Stairway to Heaven;https://portalcafebrasil.com.br/300-stairway-to-heaven/
Café Brasil 299 – Desobediência civil;https://portalcafebrasil.com.br/299-desobediencia-civil/
Café Brasil 298 – Esfriando o aquecimento global;https://portalcafebrasil.com.br/298-esfriando-o-aquecimento-global/
Café Brasil 297 – Jabaculê;https://portalcafebrasil.com.br/297-jabacule/
Café Brasil 296 – Mexe-mexe;https://portalcafebrasil.com.br/296-mexe-mexe/
Café Brasil 295 – Harmonia;https://portalcafebrasil.com.br/295-harmonia/
Café Brasil 294 – Sete anos;https://portalcafebrasil.com.br/294-sete-anos/
Café Brasil 293 – Ironia;https://portalcafebrasil.com.br/293-ironia/
Café Brasil 292 – Agora é tarde;https://portalcafebrasil.com.br/292-agora-e-tarde/
Café Brasil 291 – Grave na memória;https://portalcafebrasil.com.br/291-grave-na-memoria/
Café Brasil 290 – República da irrelevância;https://portalcafebrasil.com.br/290-republica-da-irrelevancia/
Café Brasil 289 – Silêncios – revisitado;https://portalcafebrasil.com.br/289-silnecios-revisitado/
Café Brasil 288 – Ai se eu te pego 2;https://portalcafebrasil.com.br/288-ai-se-eu-te-pego-2/
Café Brasil 287 – Pinxado no muro;https://portalcafebrasil.com.br/287-pinxado-no-muro/
Café Brasil 286 – A fantástica fábrica de estupidez;https://portalcafebrasil.com.br/286-a-fantastica-fabrica-de-estupidez/
Café Brasil 285 – Idioletice;https://portalcafebrasil.com.br/285-idioletice/
Café Brasil 284 – Bohemian Rhapsody 2;https://portalcafebrasil.com.br/284-bohemian-rhapsody-2/
Café Brasil 283 – Ai se eu te pego!;https://portalcafebrasil.com.br/283-ai-se-eu-te-pego/
Café Brasil 282 – Bom humor, mau humor;https://portalcafebrasil.com.br/282-bom-humor-mau-humor/
Café Brasil 281 – Raciocínios perigosos;https://portalcafebrasil.com.br/281-raciocinios-perigosos/
Café Brasil 280 – Almanaque;https://portalcafebrasil.com.br/280-almanaque/
Café Brasil 279 – Introspectiva;https://portalcafebrasil.com.br/279-introspectiva/
Café Brasil 278 – Iniciativa e acabativa;https://portalcafebrasil.com.br/278-iniciativa-e-acabativa/
Café Brasil 277 – Homem talvez;https://portalcafebrasil.com.br/277-homem-talvez/
Café Brasil 276 – O mundo pós-ideia;https://portalcafebrasil.com.br/276-o-mundo-pos-ideia/
Café Brasil 275 – Bohemian Rhapsody;https://portalcafebrasil.com.br/275-bohemian-rhapsody/
Café Brasil 274 – China song;https://portalcafebrasil.com.br/274-china-song/
Café Brasil 273 – O sorriso de Duchenne;https://portalcafebrasil.com.br/273-o-sorriso-de-duchenne/
Café Brasil 272 – Ding ling;https://portalcafebrasil.com.br/272-ding-ling/
Café Brasil 271 – Geração T;https://portalcafebrasil.com.br/271-geracao-t/
Café Brasil 270 – A complicada arte de ver;https://portalcafebrasil.com.br/270-a-complicada-arte-de-ver/
Café Brasil 269 – O benefício da dúvida;https://portalcafebrasil.com.br/269-o-beneficio-da-duvida/
Café Brasil 268 – Os limites do consenso;https://portalcafebrasil.com.br/268-os-limites-do-consenso/
Café Brasil 267 – Tolerância zero;https://portalcafebrasil.com.br/267-tolerancia-zero/
Café Brasil 266 – Tolerância e respeito;https://portalcafebrasil.com.br/266-tolerancia-e-respeito/
Café Brasil 265 – O que é brasilidade?;https://portalcafebrasil.com.br/265-o-que-e-brasilidade/
Café Brasil 264 – Democracia e censura;https://portalcafebrasil.com.br/democracia-e-censura/
Café Brasil 263 – WWW.PODCASTCAFEBRASIL.COM.BR;https://portalcafebrasil.com.br/263-wwwpodcastcafebrasilcombr/
Café Brasil 262 – Os ranzinzas;https://portalcafebrasil.com.br/os-ranzinzas/
Café Brasil 261 – Saindo da inércia;https://portalcafebrasil.com.br/saindo-da-inercia/
Café Brasil 260 – Vulgarizaram a vulgaridade;https://portalcafebrasil.com.br/vulgarizaram-a-vulgaridade/
Café Brasil 259 – O correto politicamente incorreto;https://portalcafebrasil.com.br/o-correto-politicamente-incorreto/
Café Brasil 258 – A geração do eu mereço;https://portalcafebrasil.com.br/a-geracao-do-eu-mereco/
Café Brasil 257 – Em busca da magreza perdida;https://portalcafebrasil.com.br/em-busca-da-magreza-perdida/
Café Brasil 256 – A juventude é uma religião;https://portalcafebrasil.com.br/a-juventude-e-uma-religiao/
Café Brasil Café Brasil 255 – Corruptinhos;https://portalcafebrasil.com.br/corruptinhos/
Café Brasil 254 – Festa no Céu;https://portalcafebrasil.com.br/festa-no-ceu/
Café Brasil 253 – Em busca da brasilidade;https://portalcafebrasil.com.br/253-em-busca-da-brasilidade/
Café Brasil 252 – A arte de iludir;https://portalcafebrasil.com.br/252-a-arte-de-iludir/
Café Brasil 251 – Guia Politicamente Incorreto da História do Brasil;https://portalcafebrasil.com.br/251-guia-politicamente-incorreto-da-historia-do-brasil/
Café Brasil 250 – O ouvinte trabalhando;https://portalcafebrasil.com.br/o-ouvinte-trabalhando/
Café Brasil 249 – Essa tal de espiritualidade;https://portalcafebrasil.com.br/essa-tal-de-espiritualidade/
Café Brasil 248 – Educação, sempre ela;https://portalcafebrasil.com.br/educacao-sempre-ela/
Café Brasil 247 – Possuir ou possuído;https://portalcafebrasil.com.br/possuir-ou-possuido/
Café Brasil 246 – No mundo do caraiveiês;https://portalcafebrasil.com.br/no-mundo-do-caraiveies/
Café Brasil 245 – Dinheiro e Felicidade;https://portalcafebrasil.com.br/dinheiro-e-felicidade/
Café Brasil 244 – Guerrilheiro Formiga;https://portalcafebrasil.com.br/244-guerrilheiro-formiga/
Café Brasil 243 – Preconceito, discriminação e racismo 2;https://portalcafebrasil.com.br/preconceito-discriminacao-e-racismo-2/
Café Brasil 242 – Quem faz a sua cabeça;https://portalcafebrasil.com.br/quem-faz-a-sua-cabeca/
Café Brasil 241 – Preconceito, discriminação e racismo;https://portalcafebrasil.com.br/preconceito-discriminacao-e-racismo/
Café Brasil 240 – No reino da implicidade;https://portalcafebrasil.com.br/no-reino-da-implicidade/
Café Brasil 239 – Pra quem vê o BBB;https://portalcafebrasil.com.br/pra-quem-ve-o-bbb/
Café Brasil 238 – Não recuse imitações;https://portalcafebrasil.com.br/nao-recuse-imitacoes/
Café Brasil 237 – Grana;https://portalcafebrasil.com.br/grana/
Café Brasil 236 – Empreendedor.Ltda;https://portalcafebrasil.com.br/empreendedorltda/
Café Brasil 235 – Iscas Intelectuais;https://portalcafebrasil.com.br/iscas-intelectuais/
Café Brasil 234 – Evolução.com;https://portalcafebrasil.com.br/evolucaocom/
Café Brasil 233 – Vozes do Rádio;https://portalcafebrasil.com.br/vozes-do-radio/
Café Brasil 232 – Um dia útil;https://portalcafebrasil.com.br/232-um-dia-util/
Café Brasil 231 – Asma Espiritual;https://portalcafebrasil.com.br/asma-espiritual/
Café Brasil 230 – A presidenta foi estudanta?;https://portalcafebrasil.com.br/a-presidenta-foi-estudanta/
Café Brasil 229 – A Palavra Degradada;https://portalcafebrasil.com.br/palavra-degradada/
Café Brasil 228 – Radiofobia Café;https://portalcafebrasil.com.br/radiofobia-cafe/
Café Brasil 227 – Envelhescência;https://portalcafebrasil.com.br/227-envelhescencia/
Café Brasil 226 – Cassando Lobato;https://portalcafebrasil.com.br/cassando-lobato/
Café Brasil 225 – Especial de Natal;https://portalcafebrasil.com.br/especial-de-natal/
Café Brasil 224 – O ouvinte de podcast;https://portalcafebrasil.com.br/o-ouvinte-de-podcast/
Café Brasil 223 – Sobre relevância e perspectivas;https://portalcafebrasil.com.br/sobre-relevancia-e-perspectivas/
Café Brasil 222 – Caminho das Índias;https://portalcafebrasil.com.br/222-caminho-das-indias/
Café Brasil 221 – O contador de histórias;https://portalcafebrasil.com.br/o-contador-de-historias/
Café Brasil 220 – Homeostase Brasileira;https://portalcafebrasil.com.br/homeostase-brasileira/
Café Brasil 219 – Gente invisível;https://portalcafebrasil.com.br/gente-invisivel/
Café Brasil 218 – Suicídios cotidianos;https://portalcafebrasil.com.br/suicidios-cotidianos/
Café Brasil 217 – Os ex-resignados;https://portalcafebrasil.com.br/os-ex-resignados/
Café Brasil 216 – TacoTico ou TacoTeco?;https://portalcafebrasil.com.br/tacotico-ou-tacoteco/
Café Brasil 215 – 16 toneladas;https://portalcafebrasil.com.br/16-toneladas/
Café Brasil 214 – Walk the talk;https://portalcafebrasil.com.br/walk-the-talk/
Café Brasil 213 – Eleições, mentiras e a Florentina;https://portalcafebrasil.com.br/eleicoes-mentiras-e-a-florentina/
Café Brasil 212 – O gigolô das palavras;https://portalcafebrasil.com.br/o-gigolo-das-palavras/
Café Brasil 211 – Solidão feminina e barrigudos;https://portalcafebrasil.com.br/solidao-feminina-e-barrigudos/
Café Brasil 210 – O estúpido;https://portalcafebrasil.com.br/o-estupido/
Café Brasil 209 – Ricos e pobres;https://portalcafebrasil.com.br/ricos-e-pobres/
Café Brasil 208 – O mundo globalizado;https://portalcafebrasil.com.br/o-mundo-globalizado/
Café Brasil 207 – O Complexo de Vira Latas;https://portalcafebrasil.com.br/o-complexo-de-vira-latas/
Café Brasil 206 – Amigos que perdemos;https://portalcafebrasil.com.br/amigos-que-perdemos/
Café Brasil 205 – Nordestinadas;https://portalcafebrasil.com.br/nordestinadas/
Café Brasil 204 – Tá esperando?;https://portalcafebrasil.com.br/ta-esperando/
Café Brasil 203 – Morte morrida ou morte matada;https://portalcafebrasil.com.br/morte-morrida-ou-morte-matada/
Café Brasil 202 – Tequinologia do abraço;https://portalcafebrasil.com.br/tequinologia-do-abraco/
Café Brasil 201 – A Fábrica de Líderes;https://portalcafebrasil.com.br/a-fabrica-de-lideres/
Café Brasil 200 – Duzentos;https://portalcafebrasil.com.br/duzentos/
Café Brasil 199 – Homem Gol;https://portalcafebrasil.com.br/homem-gol/
Café Brasil 198 – Meus Exemplos;https://portalcafebrasil.com.br/meus-exemplos/
Café Brasil 197 – A arte de cortar palavras;https://portalcafebrasil.com.br/a-arte-de-cortar-palavras/
Café Brasil 196 – Bossa Nova;https://portalcafebrasil.com.br/196-bossa-nova/
Café Brasil 195 – O Portal;https://portalcafebrasil.com.br/o-portal/
Café Brasil 194 – Reflexões sobre o cagaço;https://portalcafebrasil.com.br/reflexoes-sobre-o-cagaco/
Café Brasil 193 – A origem das frases;https://portalcafebrasil.com.br/a-origem-das-frases/
Café Brasil 192 – Mães que se foram;https://portalcafebrasil.com.br/maes-que-se-foram/
Café Brasil 191 – Canta Patativa;https://portalcafebrasil.com.br/canta-patativa/
Café Brasil 190 – Relações de poder;https://portalcafebrasil.com.br/relacoes-de-poder/
Café Brasil 189 – O vagalume;https://portalcafebrasil.com.br/o-vagalume/
Café Brasil 188 – Globalizado;https://portalcafebrasil.com.br/globalizado/
Café Brasil 187 – Tipo assim;https://portalcafebrasil.com.br/tipo-assim/
Café Brasil 186 – A tristeza do Jeca;https://portalcafebrasil.com.br/a-tristeza-do-jeca/
Café Brasil 185 – Por que ler?;https://portalcafebrasil.com.br/por-que-ler/
Café Brasil 184 – Como consertar o Brasil;https://portalcafebrasil.com.br/como-consertar-o-brasil/
Café Brasil 183 – O videokê;https://portalcafebrasil.com.br/o-videoke/
Café Brasil 182 – A briga na floresta;https://portalcafebrasil.com.br/a-briga-na-floresta/
Café Brasil 181 – Ensinando política para crianças;https://portalcafebrasil.com.br/ensinando-politica-para-criancas/
Café Brasil 180 – Carnaval;https://portalcafebrasil.com.br/carnaval/
Café Brasil 179 – Os filtros;https://portalcafebrasil.com.br/os-filtros/
Café Brasil 178 – Os Sofistas;https://portalcafebrasil.com.br/os-sofistas/
Café Brasil 177 – Ponto de Vista;https://portalcafebrasil.com.br/ponto-de-vista/
Café Brasil 176 – Falando sobre Nação;https://portalcafebrasil.com.br/falando-sobre-nacao/
Café Brasil 175 – Do Contra;https://portalcafebrasil.com.br/do-contra/
Café Brasil 174 – Showrnalismo;https://portalcafebrasil.com.br/showrnalismo/
Café Brasil 173 – Mensagem de Ano Novo;https://portalcafebrasil.com.br/mensagem-de-ano-novo/
Café Brasil 172 – Política Não é Isso Que Está Aí;https://portalcafebrasil.com.br/politica-nao-e-isso-que-esta-ai/
Café Brasil 171 – O Caos Ordenado;https://portalcafebrasil.com.br/o-caos-ordenado/
Café Brasil 170 – Refugiados Éticos;https://portalcafebrasil.com.br/refugiados-eticos/
Café Brasil 169 – Sinfonia Inacabada;https://portalcafebrasil.com.br/sinfonia-inacabada/
Café Brasil 168 – O Fim do Mundo;https://portalcafebrasil.com.br/o-fim-do-mundo/
Café Brasil 167 – Os Neocaretas;https://portalcafebrasil.com.br/os-neocaretas/
Café Brasil 166 – Ouvinte Ativo;https://portalcafebrasil.com.br/ouvinte-ativo/
Café Brasil 165 – Quem se importa?;https://portalcafebrasil.com.br/quem-se-importa/
Café Brasil 164 – O Medo da Liberdade;https://portalcafebrasil.com.br/o-medo-da-liberdade/
Café Brasil 163 – O Que É Popular? (ao Vivo);https://portalcafebrasil.com.br/o-que-e-popular-ao-vivo/
Café Brasil 162 – Fale Outra Vez;https://portalcafebrasil.com.br/fale-outra-vez/
Café Brasil 161 – Os Outros Também Fazem;https://portalcafebrasil.com.br/os-outros-tambem-fazem/
Café Brasil 160 – Melô do Sarney;https://portalcafebrasil.com.br/melo-do-sarney/
Café Brasil 159 – Café Brasil;https://portalcafebrasil.com.br/cafe-brasil/
Café Brasil 158 – Como é Duro Ser Brasileiro;https://portalcafebrasil.com.br/como-e-duro-ser-brasileiro/
Café Brasil 157 – Hinos a Paisana;https://portalcafebrasil.com.br/157-hinos-a-paisana/
Café Brasil 156 – No Bigode da Nação;https://portalcafebrasil.com.br/no-bigode-da-nacao/
Café Brasil 155 – Mudando o Mundo;https://portalcafebrasil.com.br/mudando-o-mundo/
Café Brasil 154 – O Custo da Educação;https://portalcafebrasil.com.br/o-custo-da-educacao/
Café Brasil 153 – Tipos Populares (ao Vivo);https://portalcafebrasil.com.br/tipos-populares-ao-vivo/
Café Brasil 152 – A Gripe Suína;https://portalcafebrasil.com.br/a-gripe-suina/
Café Brasil 151 – Mijobrás;https://portalcafebrasil.com.br/mijobras/
Café Brasil 150 – A Ignorância ao Alcance de Todos;https://portalcafebrasil.com.br/150-a-ignorancia-ao-alcance-de-todos/
Café Brasil 149 – Fala;https://portalcafebrasil.com.br/fala/
Café Brasil 148 – Dom e Talento;https://portalcafebrasil.com.br/dom-e-talento/
Café Brasil 147 – Meu Desaniversário (ao Vivo);https://portalcafebrasil.com.br/meu-desaniversario-ao-vivo/
Café Brasil 146 – Eu Burro;https://portalcafebrasil.com.br/eu-burro/
Café Brasil 145 – Língua Viva;https://portalcafebrasil.com.br/lingua-viva/
Café Brasil 144 – Numpintaumsão;https://portalcafebrasil.com.br/numpintaumsao/
Café Brasil 143 – Prazo de Validade;https://portalcafebrasil.com.br/143-prazo-de-validade/
Café Brasil 142 – Lobisomem;https://portalcafebrasil.com.br/lobisomem/
Café Brasil 141 – Amorempausa;https://portalcafebrasil.com.br/amorempausa/
Café Brasil 140 – Internetando;https://portalcafebrasil.com.br/internetando/
Café Brasil 139 – Eme Pê Bê;https://portalcafebrasil.com.br/eme-pe-be/
Café Brasil 138 – Os Pilares;https://portalcafebrasil.com.br/os-pilares/
Café Brasil 137 – Quatro Anos (ao Vivo);https://portalcafebrasil.com.br/quatro-anos-ao-vivo/
Café Brasil 136 – Escutatória;https://portalcafebrasil.com.br/escutatoria/
Café Brasil 135 – Lendas Urbanas;https://portalcafebrasil.com.br/lendas-urbanas/
Café Brasil 134 – Disco Voador (ao Vivo);https://portalcafebrasil.com.br/disco-voador-ao-vivo/
Café Brasil 133 – Política, Paixão e Casamento;https://portalcafebrasil.com.br/politica-paixao-e-casamento/
Café Brasil 132 – Referências;https://portalcafebrasil.com.br/referencias/
Café Brasil 131 – Manual da Mulher;https://portalcafebrasil.com.br/manual-da-mulher/
Café Brasil 130 – Ensaio sobre a cegueira;https://portalcafebrasil.com.br/ensaio-sobre-a-cegueira/
Café Brasil 129 – Brincante;https://portalcafebrasil.com.br/brincante/
Café Brasil 128 – Iscas Culinárias;https://portalcafebrasil.com.br/128-iscas-culinarias/
Café Brasil 127 – Egoísmo Esclarecido;https://portalcafebrasil.com.br/egoismo-esclarecido/
Café Brasil 126 – Ser Diferente;https://portalcafebrasil.com.br/ser-diferente/
Café Brasil 125 – Iso Sim;https://portalcafebrasil.com.br/iso-sim/
Café Brasil 124 – Boas Novas;https://portalcafebrasil.com.br/boas-novas/
Café Brasil 123 – Inobviedades;https://portalcafebrasil.com.br/inobviedades/
Café Brasil 122 – Funk dos Burrão – O Retorno;https://portalcafebrasil.com.br/funk-dos-burrao-o-retorno/
Café Brasil 121 – Funk dos Burrão;https://portalcafebrasil.com.br/funk-dos-burrao/
Café Brasil 120 – A Vendetta;https://portalcafebrasil.com.br/a-vendetta/
Café Brasil 119 – Amadores Profissionais;https://portalcafebrasil.com.br/amadores-profissionais/
Café Brasil 118 – O Eticômetro;https://portalcafebrasil.com.br/o-eticometro/
Café Brasil 117 – Falando de Corrupção;https://portalcafebrasil.com.br/falando-de-corrupcao/
Café Brasil 116 – Volta por Cima;https://portalcafebrasil.com.br/volta-por-cima/
Café Brasil 115 – Bê com á Bêabá;https://portalcafebrasil.com.br/be-com-a-beaba/
Café Brasil 114 – Fragmentos da Corrupção;https://portalcafebrasil.com.br/fragmentos-da-corrupcao/
Café Brasil 113 – Halloween (ao Vivo);https://portalcafebrasil.com.br/halloween-ao-vivo/
Café Brasil 112 – O Arranjador;https://portalcafebrasil.com.br/o-arranjador/
Café Brasil 111 – Confiando;https://portalcafebrasil.com.br/confiando/
Café Brasil 110 – Preparados para Perder;https://portalcafebrasil.com.br/preparados-para-perder/
Café Brasil 109 – Tangíveis e Intangíveis;https://portalcafebrasil.com.br/tangiveis-e-intangiveis/
Café Brasil 108 – Pobreza e Riqueza;https://portalcafebrasil.com.br/pobreza-e-riqueza/
Café Brasil 107 – Filosofando;https://portalcafebrasil.com.br/filosofando/
Café Brasil 106 – Pinguinho de Gente;https://portalcafebrasil.com.br/pinguinho-de-gente/
Café Brasil 105 – Mudança e Mesmice;https://portalcafebrasil.com.br/mudanca-e-mesmice/
Café Brasil 104 – Volta por Cima (ao Vivo);https://portalcafebrasil.com.br/volta-por-cima-ao-vivo/
Café Brasil 103 – Homens e Mulheres;https://portalcafebrasil.com.br/homens-e-mulheres/
Café Brasil 102 – Conhecimento;https://portalcafebrasil.com.br/conhecimento/
Café Brasil 101 – Voto em Quem?;https://portalcafebrasil.com.br/voto-em-quem/
Café Brasil 100 – Gastando o Tempo;https://portalcafebrasil.com.br/gastando-o-tempo/
Café Brasil 099 – A Crítica;https://portalcafebrasil.com.br/a-critica/
Café Brasil 098 – Resignando;https://portalcafebrasil.com.br/resignando/
Café Brasil 097 – Pequenas Vigarices;https://portalcafebrasil.com.br/pequenas-vigarices/
Café Brasil 096 – Gravado na Alma;https://portalcafebrasil.com.br/gravado-na-alma/
Café Brasil 095 – O Homem Velho;https://portalcafebrasil.com.br/o-homem-velho/
Café Brasil 094 – Bons Amigos;https://portalcafebrasil.com.br/bons-amigos/
Café Brasil 093 – Sexta-feira 13 (ao Vivo);https://portalcafebrasil.com.br/sexta-feira-13-ao-vivo/
Café Brasil 092 – O que é você?;https://portalcafebrasil.com.br/o-que-e-voce/
Café Brasil 091 – A Fábrica de Idiotas;https://portalcafebrasil.com.br/a-fabrica-de-idiotas/
Café Brasil 090 – Melô da Eleição;https://portalcafebrasil.com.br/melo-da-eleicao/
Café Brasil 089 – Terceiro Ano (ao Vivo);https://portalcafebrasil.com.br/terceiro-ano-ao-vivo/
Café Brasil 088 – Faça Valer o Voto;https://portalcafebrasil.com.br/faca-valer-o-voto/
Café Brasil 087 – A Via Láctea;https://portalcafebrasil.com.br/a-via-lactea/
Café Brasil 086 – Pobrismo e Riquismo;https://portalcafebrasil.com.br/pobrismo-e-riquismo/
Café Brasil 085 – O Terceiro;https://portalcafebrasil.com.br/o-terceiro/
Café Brasil 084 – Nutritivo;https://portalcafebrasil.com.br/nutritivo/
Café Brasil 083 – Reagindo;https://portalcafebrasil.com.br/reagindo/
Café Brasil 082 – Sonhos Adiados;https://portalcafebrasil.com.br/sonhos-adiados/
Café Brasil 081 – Melô do Pocotó;https://portalcafebrasil.com.br/melo-do-pocoto/
Café Brasil 080 – As Entrouxadoras;https://portalcafebrasil.com.br/as-entrouxadoras/
Café Brasil 079 – Melô do Congresso;https://portalcafebrasil.com.br/melo-do-congresso/
Café Brasil 078 – O Elogio da Ignorância;https://portalcafebrasil.com.br/o-elogio-da-ignorancia/
Café Brasil 077 – Café Brasil bissexto (ao Vivo);https://portalcafebrasil.com.br/cafe-brasil-bissexto-ao-vivo/
Café Brasil 076 – Eu sei mas não devia;https://portalcafebrasil.com.br/eu-sei-mas-nao-devia/
Café Brasil 075 – Tempo, Tempo, Tempo, Tempo;https://portalcafebrasil.com.br/tempo-tempo-tempo-tempo/
Café Brasil 074 – Inspirando ou Chocando;https://portalcafebrasil.com.br/inspirando-ou-chocando/
Café Brasil 073 – As Rãs e o Poço;https://portalcafebrasil.com.br/as-ras-e-o-poco/
Café Brasil 072 – São Paulo da Garoa;https://portalcafebrasil.com.br/sao-paulo-da-garoa/
Café Brasil 071 – O Homem Romântico;https://portalcafebrasil.com.br/o-homem-romantico/
Café Brasil 070 – Os Cagonautas;https://portalcafebrasil.com.br/os-cagonautas/
Café Brasil 069 – Programa de Natal (ao Vivo);https://portalcafebrasil.com.br/programa-de-natal-ao-vivo/
Café Brasil 068 – O outro Brasil que vem aí;https://portalcafebrasil.com.br/o-outro-brasil-que-vem-ai/
Café Brasil 067 – A Ignorância Política;https://portalcafebrasil.com.br/a-ignorancia-politica/
Café Brasil 066 – Quem é Você?;https://portalcafebrasil.com.br/quem-e-voce/
Café Brasil 065 – Vergonha de ser Brasileiro (ao Vivo);https://portalcafebrasil.com.br/vergonha-de-ser-brasileiro-ao-vivo/
Café Brasil 064 – Sim ou Não;https://portalcafebrasil.com.br/sim-ou-nao/
Café Brasil 063 – Letras da Minha Emoção;https://portalcafebrasil.com.br/letras-da-minha-emocao/
Café Brasil 062 – Saudade Dói;https://portalcafebrasil.com.br/saudade-doi/
Café Brasil 061 – Asa Branca;https://portalcafebrasil.com.br/asa-branca/
Café Brasil 060 – Don Facundo (ao Vivo);https://portalcafebrasil.com.br/don-facundo-ao-vivo/
Café Brasil 059 – Competência Espiritual;https://portalcafebrasil.com.br/competencia-espiritual/
Café Brasil 058 – Quando o Morro Descer e Não for Carnaval;https://portalcafebrasil.com.br/quando-o-morro-descer-e-nao-for-carnaval/
Café Brasil 057 – Das vantagens de ser bobo;https://portalcafebrasil.com.br/das-vantagens-de-ser-bobo/
Café Brasil 056 – Duas Espécies de Educação;https://portalcafebrasil.com.br/duas-especies-de-educacao/
Café Brasil 055 – Deixa a Vida me Levar;https://portalcafebrasil.com.br/deixa-a-vida-me-levar/
Café Brasil 054 – Limite da Tolerância;https://portalcafebrasil.com.br/limite-da-tolerancia/
Café Brasil 053 – Bem Humorado (ao Vivo);https://portalcafebrasil.com.br/bem-humorado-ao-vivo/
Café Brasil 052 – A Certeza da Ignorância;https://portalcafebrasil.com.br/a-certeza-da-ignorancia/
Café Brasil 051 – Loucos Essenciais;https://portalcafebrasil.com.br/loucos-essenciais/
Café Brasil 050 – Conectividade;https://portalcafebrasil.com.br/conectividade/
Café Brasil 049 – Palavras;https://portalcafebrasil.com.br/palavras/
Café Brasil 048 – Cansei (ao Vivo);https://portalcafebrasil.com.br/cansei-ao-vivo/
Café Brasil 047 – Blues Brasileiros;https://portalcafebrasil.com.br/blues-brasileiros/
Café Brasil 046 – Mentiras simbólicas;https://portalcafebrasil.com.br/mentiras-simbolicas/
Café Brasil 045 – Vergonha;https://portalcafebrasil.com.br/vergonha/
Café Brasil 044 – Música e Ditadura;https://portalcafebrasil.com.br/musica-e-ditadura/
Café Brasil 043 – Festa Junina (ao Vivo);https://portalcafebrasil.com.br/festa-junina-ao-vivo/
Café Brasil 042 – Versões;https://portalcafebrasil.com.br/versoes/
Café Brasil 041 – Mosaicos;https://portalcafebrasil.com.br/mosaicos/
Café Brasil 040 – Portugal dos Cravos;https://portalcafebrasil.com.br/portugal-dos-cravos/
Café Brasil 039 – Jararaca e Ratinho;https://portalcafebrasil.com.br/jararaca-e-ratinho/
Café Brasil 038 – Silêncios;https://portalcafebrasil.com.br/silencios/
Café Brasil 037 – É Brincando que se Aprende;https://portalcafebrasil.com.br/e-brincando-que-se-aprende/
Café Brasil 036 – O Vigilante;https://portalcafebrasil.com.br/o-vigilante/
Café Brasil 035 – A Volta do Malandro;https://portalcafebrasil.com.br/a-volta-do-malandro/
Café Brasil 034 – Pequenos Executivos;https://portalcafebrasil.com.br/pequenos-executivos/
Café Brasil 033 – A Rede;https://portalcafebrasil.com.br/a-rede/
Café Brasil 032 – Palhaço;https://portalcafebrasil.com.br/palhaco/
Café Brasil 031 – Almirante Negro;https://portalcafebrasil.com.br/almirante-negro/
Café Brasil 030 – O Sonho dos Ratos;https://portalcafebrasil.com.br/o-sonho-dos-ratos/
Café Brasil 029 – Seu Duarte Dona Dora;https://portalcafebrasil.com.br/seu-duarte-dona-dora/
Café Brasil 028 – A Vez das Mulheres;https://portalcafebrasil.com.br/a-vez-das-mulheres/
Café Brasil 027 – Benjaminianas;https://portalcafebrasil.com.br/benjaminianas/
Café Brasil 026 – Matrizes da Violência;https://portalcafebrasil.com.br/matrizes-da-violencia/
Café Brasil 025 – Se Atirou;https://portalcafebrasil.com.br/se-atirou/
Café Brasil 024 – Bombeiros;https://portalcafebrasil.com.br/bombeiros/
Café Brasil 023 – Melô do Mensalão;https://portalcafebrasil.com.br/melo-do-mensalao/
Café Brasil 022 – O Pasquim;https://portalcafebrasil.com.br/o-pasquim/
Café Brasil 021 – E Agora, José?;https://portalcafebrasil.com.br/e-agora-jose/
Café Brasil 020 – Deleite;https://portalcafebrasil.com.br/deleite/
Café Brasil 019 – Tenho medo;https://portalcafebrasil.com.br/tenho-medo/
Café Brasil 018 – Mazzaropi;https://portalcafebrasil.com.br/mazzaropi/
Café Brasil 017 – Raízes Brasileiras;https://portalcafebrasil.com.br/raizes-brasileiras/
Café Brasil 016 – Natal;https://portalcafebrasil.com.br/natal/
Café Brasil 015 – Solidão;https://portalcafebrasil.com.br/solidao/
Café Brasil 014 – Dezembros;https://portalcafebrasil.com.br/dezembros/
Café Brasil 013 – Massacre Cultural;https://portalcafebrasil.com.br/massacre-cultural/
Café Brasil 012 – Certos Abraços;https://portalcafebrasil.com.br/certos-abracos/
Café Brasil 011 – Definição de Gaucho;https://portalcafebrasil.com.br/definicao-de-gaucho/
Café Brasil 010 – A Gota;https://portalcafebrasil.com.br/a-gota/
Café Brasil 009 – O Cheirinho;https://portalcafebrasil.com.br/o-cheirinho/
Café Brasil 008 – Gente Nutritiva;https://portalcafebrasil.com.br/gente-nutritiva/
Café Brasil 007 – O Bitelo;https://portalcafebrasil.com.br/o-bitelo/
Café Brasil 006 – Meu Cafezinho tem Gostinho de Saudade;https://portalcafebrasil.com.br/meu-cafezinho-tem-gostinho-de-saudade/
Café Brasil 005 – Vozes do Brasil;https://portalcafebrasil.com.br/vozes-do-brasil/
Café Brasil 004 – Sucesso;https://portalcafebrasil.com.br/sucesso/
Café Brasil 003 – O Livro;https://portalcafebrasil.com.br/o-livro/
Café Brasil 002 – Saudade Dói;https://portalcafebrasil.com.br/002-saudade-doi/
Café Brasil 001 – Mídia e Baixaria;https://portalcafebrasil.com.br/midia-e-baixaria/
